arm,auroc,calibration_path,lambda_1,method,precision_at_10,precision_at_25,seed,selected_gamma,selected_kappa,status,train_rate
A1,0.6933650268706076,gamma-bisection,0.01,B1_in_degree,1.0,0.92,1000,-4.02490234375,1.0,ELIGIBLE,0.04004807692307692
A1,0.5715171558495246,gamma-bisection,0.01,B2_age_x_popularity,0.7,0.6,1000,-4.02490234375,1.0,ELIGIBLE,0.04004807692307692
A1,0.795473336089293,gamma-bisection,0.01,B3_fragility_only,1.0,0.92,1000,-4.02490234375,1.0,ELIGIBLE,0.04004807692307692
A1,0.6931583298883834,gamma-bisection,0.01,B4_CFHM,0.8,0.72,1000,-4.02490234375,1.0,ELIGIBLE,0.04004807692307692
A2,0.6396096306685367,gamma-bisection,0.01,B1_in_degree,0.9,0.68,1000,-3.712158203125,1.0,ELIGIBLE,0.04
A2,0.5977092099111735,gamma-bisection,0.01,B2_age_x_popularity,0.8,0.84,1000,-3.712158203125,1.0,ELIGIBLE,0.04
A2,0.7226507713884992,gamma-bisection,0.01,B3_fragility_only,1.0,0.96,1000,-3.712158203125,1.0,ELIGIBLE,0.04
A2,0.5080645161290323,gamma-bisection,0.01,B4_CFHM,0.8,0.68,1000,-3.712158203125,1.0,ELIGIBLE,0.04
A1,0.7856783413848631,gamma-bisection,0.01,B1_in_degree,1.0,0.88,1001,-4.173583984375,1.0,ELIGIBLE,0.040096153846153844
A1,0.4915458937198068,gamma-bisection,0.01,B2_age_x_popularity,0.5,0.4,1001,-4.173583984375,1.0,ELIGIBLE,0.040096153846153844
A1,0.8580917874396135,gamma-bisection,0.01,B3_fragility_only,0.9,0.96,1001,-4.173583984375,1.0,ELIGIBLE,0.040096153846153844
A1,0.6937399355877617,gamma-bisection,0.01,B4_CFHM,0.9,0.84,1001,-4.173583984375,1.0,ELIGIBLE,0.040096153846153844
A2,0.6474809313528703,gamma-bisection,0.01,B1_in_degree,0.8,0.76,1001,-4.3701171875,1.0,ELIGIBLE,0.04
A2,0.5557005218787635,gamma-bisection,0.01,B2_age_x_popularity,0.5,0.6,1001,-4.3701171875,1.0,ELIGIBLE,0.04
A2,0.7191890806904857,gamma-bisection,0.01,B3_fragility_only,0.9,0.92,1001,-4.3701171875,1.0,ELIGIBLE,0.04
A2,0.6415094339622641,gamma-bisection,0.01,B4_CFHM,0.7,0.72,1001,-4.3701171875,1.0,ELIGIBLE,0.04
A1,0.5033467202141901,gamma-bisection,0.01,B1_in_degree,0.6,0.6,1002,-3.8779296875,1.0,ELIGIBLE,0.03995192307692308
A1,0.44259087632581606,gamma-bisection,0.01,B2_age_x_popularity,0.1,0.44,1002,-3.8779296875,1.0,ELIGIBLE,0.03995192307692308
A1,0.7140356296982803,gamma-bisection,0.01,B3_fragility_only,1.0,0.96,1002,-3.8779296875,1.0,ELIGIBLE,0.03995192307692308
A1,0.551436515291937,gamma-bisection,0.01,B4_CFHM,0.6,0.56,1002,-3.8779296875,1.0,ELIGIBLE,0.03995192307692308
A2,0.490843989769821,gamma-bisection,0.01,B1_in_degree,0.5,0.52,1002,-4.146240234375,1.0,ELIGIBLE,0.04
A2,0.47703324808184144,gamma-bisection,0.01,B2_age_x_popularity,0.5,0.44,1002,-4.146240234375,1.0,ELIGIBLE,0.04
A2,0.6916624040920716,gamma-bisection,0.01,B3_fragility_only,1.0,0.92,1002,-4.146240234375,1.0,ELIGIBLE,0.04
A2,0.48317135549872126,gamma-bisection,0.01,B4_CFHM,0.4,0.52,1002,-4.146240234375,1.0,ELIGIBLE,0.04
A1,0.6263730515744325,gamma-bisection,0.01,B1_in_degree,0.7,0.72,1003,-3.97021484375,1.0,ELIGIBLE,0.03995192307692308
A1,0.5856261115179413,gamma-bisection,0.01,B2_age_x_popularity,0.8,0.76,1003,-3.97021484375,1.0,ELIGIBLE,0.03995192307692308
A1,0.6806151271053457,gamma-bisection,0.01,B3_fragility_only,0.9,0.88,1003,-3.97021484375,1.0,ELIGIBLE,0.03995192307692308
A1,0.574014018202741,gamma-bisection,0.01,B4_CFHM,0.8,0.72,1003,-3.97021484375,1.0,ELIGIBLE,0.03995192307692308
A2,0.5603439398620121,gamma-bisection,0.01,B1_in_degree,0.6,0.6,1003,-4.002685546875,1.0,ELIGIBLE,0.04
A2,0.5213675213675214,gamma-bisection,0.01,B2_age_x_popularity,0.7,0.68,1003,-4.002685546875,1.0,ELIGIBLE,0.04
A2,0.6418494490783647,gamma-bisection,0.01,B3_fragility_only,0.8,0.68,1003,-4.002685546875,1.0,ELIGIBLE,0.04
A2,0.5780043249922769,gamma-bisection,0.01,B4_CFHM,0.6,0.64,1003,-4.002685546875,1.0,ELIGIBLE,0.04
A1,0.4845632149002935,gamma-bisection,0.01,B1_in_degree,0.5,0.52,1004,-4.457275390625,1.0,ELIGIBLE,0.04014423076923077
A1,0.5263690656949084,gamma-bisection,0.01,B2_age_x_popularity,0.4,0.4,1004,-4.457275390625,1.0,ELIGIBLE,0.04014423076923077
A1,0.8604109727705234,gamma-bisection,0.01,B3_fragility_only,1.0,1.0,1004,-4.457275390625,1.0,ELIGIBLE,0.04014423076923077
A1,0.4063164287883389,gamma-bisection,0.01,B4_CFHM,0.4,0.36,1004,-4.457275390625,1.0,ELIGIBLE,0.04014423076923077
A2,0.4662842190016103,gamma-bisection,0.01,B1_in_degree,0.3,0.36,1004,-4.841796875,1.0,ELIGIBLE,0.03995192307692308
A2,0.40297906602254424,gamma-bisection,0.01,B2_age_x_popularity,0.4,0.4,1004,-4.841796875,1.0,ELIGIBLE,0.03995192307692308
A2,0.6111111111111112,gamma-bisection,0.01,B3_fragility_only,0.7,0.8,1004,-4.841796875,1.0,ELIGIBLE,0.03995192307692308
A2,0.39160628019323673,gamma-bisection,0.01,B4_CFHM,0.4,0.44,1004,-4.841796875,1.0,ELIGIBLE,0.03995192307692308
A1,0.6048551611587106,gamma-bisection,0.01,B1_in_degree,0.6,0.48,1005,-4.39404296875,1.0,ELIGIBLE,0.03990384615384615
A1,0.5506935944512444,gamma-bisection,0.01,B2_age_x_popularity,0.4,0.48,1005,-4.39404296875,1.0,ELIGIBLE,0.03990384615384615
A1,0.9220726234190126,gamma-bisection,0.01,B3_fragility_only,1.0,0.96,1005,-4.39404296875,1.0,ELIGIBLE,0.03990384615384615
A1,0.8157894736842105,gamma-bisection,0.01,B4_CFHM,1.0,0.96,1005,-4.39404296875,1.0,ELIGIBLE,0.03990384615384615
A2,0.6418808649530803,gamma-bisection,0.01,B1_in_degree,0.5,0.64,1005,-4.83154296875,1.0,ELIGIBLE,0.04
A2,0.5273357813137495,gamma-bisection,0.01,B2_age_x_popularity,0.4,0.48,1005,-4.83154296875,1.0,ELIGIBLE,0.04
A2,0.7951856385148919,gamma-bisection,0.01,B3_fragility_only,0.9,0.76,1005,-4.83154296875,1.0,ELIGIBLE,0.04
A2,0.6006731946144431,gamma-bisection,0.01,B4_CFHM,0.6,0.64,1005,-4.83154296875,1.0,ELIGIBLE,0.04
A1,0.6584535256410255,gamma-bisection,0.01,B1_in_degree,0.8,0.76,1006,-4.130859375,1.0,ELIGIBLE,0.040096153846153844
A1,0.2977764423076923,gamma-bisection,0.01,B2_age_x_popularity,0.2,0.28,1006,-4.130859375,1.0,ELIGIBLE,0.040096153846153844
A1,0.8597756410256411,gamma-bisection,0.01,B3_fragility_only,1.0,1.0,1006,-4.130859375,1.0,ELIGIBLE,0.040096153846153844
A1,0.7138421474358975,gamma-bisection,0.01,B4_CFHM,1.0,0.88,1006,-4.130859375,1.0,ELIGIBLE,0.040096153846153844
A2,0.5998392121394834,gamma-bisection,0.01,B1_in_degree,0.9,0.68,1006,-4.385498046875,1.0,ELIGIBLE,0.03995192307692308
A2,0.27544970354738213,gamma-bisection,0.01,B2_age_x_popularity,0.3,0.28,1006,-4.385498046875,1.0,ELIGIBLE,0.03995192307692308
A2,0.7425384383479047,gamma-bisection,0.01,B3_fragility_only,1.0,0.92,1006,-4.385498046875,1.0,ELIGIBLE,0.03995192307692308
A2,0.6178273540347703,gamma-bisection,0.01,B4_CFHM,0.9,0.8,1006,-4.385498046875,1.0,ELIGIBLE,0.03995192307692308
A1,0.6106810335809185,gamma-bisection,0.01,B1_in_degree,0.8,0.8,1007,-3.961669921875,1.0,ELIGIBLE,0.040096153846153844
A1,0.5497436970394394,gamma-bisection,0.01,B2_age_x_popularity,0.5,0.56,1007,-3.961669921875,1.0,ELIGIBLE,0.040096153846153844
A1,0.8347107438016529,gamma-bisection,0.01,B3_fragility_only,1.0,1.0,1007,-3.961669921875,1.0,ELIGIBLE,0.040096153846153844
A1,0.7562506538340831,gamma-bisection,0.01,B4_CFHM,1.0,1.0,1007,-3.961669921875,1.0,ELIGIBLE,0.040096153846153844
A2,0.5241993615487592,gamma-bisection,0.01,B1_in_degree,0.5,0.56,1007,-3.9189453125,1.0,ELIGIBLE,0.04
A2,0.4626711976109567,gamma-bisection,0.01,B2_age_x_popularity,0.5,0.4,1007,-3.9189453125,1.0,ELIGIBLE,0.04
A2,0.7611986407167131,gamma-bisection,0.01,B3_fragility_only,0.8,0.84,1007,-3.9189453125,1.0,ELIGIBLE,0.04
A2,0.6143548553187107,gamma-bisection,0.01,B4_CFHM,0.7,0.72,1007,-3.9189453125,1.0,ELIGIBLE,0.04
A1,0.6255693896143334,gamma-bisection,0.01,B1_in_degree,0.8,0.68,1008,-4.546142578125,1.0,ELIGIBLE,0.03995192307692308
A1,0.577588824779836,gamma-bisection,0.01,B2_age_x_popularity,0.8,0.64,1008,-4.546142578125,1.0,ELIGIBLE,0.03995192307692308
A1,0.8348010932280595,gamma-bisection,0.01,B3_fragility_only,1.0,0.88,1008,-4.546142578125,1.0,ELIGIBLE,0.03995192307692308
A1,0.7888450248000809,gamma-bisection,0.01,B4_CFHM,0.9,0.92,1008,-4.546142578125,1.0,ELIGIBLE,0.03995192307692308
A2,0.5288220551378446,gamma-bisection,0.01,B1_in_degree,0.6,0.56,1008,-4.77685546875,1.0,ELIGIBLE,0.03995192307692308
A2,0.5324310776942355,gamma-bisection,0.01,B2_age_x_popularity,0.6,0.56,1008,-4.77685546875,1.0,ELIGIBLE,0.03995192307692308
A2,0.6790977443609022,gamma-bisection,0.01,B3_fragility_only,1.0,0.92,1008,-4.77685546875,1.0,ELIGIBLE,0.03995192307692308
A2,0.6793984962406016,gamma-bisection,0.01,B4_CFHM,1.0,0.84,1008,-4.77685546875,1.0,ELIGIBLE,0.03995192307692308
A1,0.49994574652777773,gamma-bisection,0.01,B1_in_degree,0.7,0.6,1009,-3.872802734375,1.0,ELIGIBLE,0.03995192307692308
A1,0.44661458333333337,gamma-bisection,0.01,B2_age_x_popularity,0.5,0.56,1009,-3.872802734375,1.0,ELIGIBLE,0.03995192307692308
A1,0.7245008680555555,gamma-bisection,0.01,B3_fragility_only,1.0,0.8,1009,-3.872802734375,1.0,ELIGIBLE,0.03995192307692308
A1,0.6832682291666667,gamma-bisection,0.01,B4_CFHM,1.0,0.92,1009,-3.872802734375,1.0,ELIGIBLE,0.03995192307692308
A2,0.476566454094544,gamma-bisection,0.01,B1_in_degree,0.5,0.64,1009,-4.28466796875,1.0,ELIGIBLE,0.04
A2,0.4789958497823666,gamma-bisection,0.01,B2_age_x_popularity,0.7,0.64,1009,-4.28466796875,1.0,ELIGIBLE,0.04
A2,0.6599858285251543,gamma-bisection,0.01,B3_fragility_only,0.8,0.88,1009,-4.28466796875,1.0,ELIGIBLE,0.04
A2,0.640753112663225,gamma-bisection,0.01,B4_CFHM,1.0,0.84,1009,-4.28466796875,1.0,ELIGIBLE,0.04
A1,0.4368598880794003,gamma-bisection,0.01,B1_in_degree,0.3,0.4,1010,-4.170166015625,1.0,ELIGIBLE,0.03995192307692308
A1,0.5205363741949108,gamma-bisection,0.01,B2_age_x_popularity,0.6,0.6,1010,-4.170166015625,1.0,ELIGIBLE,0.03995192307692308
A1,0.7943195016365749,gamma-bisection,0.01,B3_fragility_only,1.0,0.92,1010,-4.170166015625,1.0,ELIGIBLE,0.03995192307692308
A1,0.6429099355928625,gamma-bisection,0.01,B4_CFHM,0.7,0.8,1010,-4.170166015625,1.0,ELIGIBLE,0.03995192307692308
A2,0.45809218685407194,gamma-bisection,0.01,B1_in_degree,0.4,0.32,1010,-4.57861328125,1.0,ELIGIBLE,0.03995192307692308
A2,0.513848697809012,gamma-bisection,0.01,B2_age_x_popularity,0.3,0.44,1010,-4.57861328125,1.0,ELIGIBLE,0.03995192307692308
A2,0.7212691194708558,gamma-bisection,0.01,B3_fragility_only,0.9,0.88,1010,-4.57861328125,1.0,ELIGIBLE,0.03995192307692308
A2,0.5326581231914014,gamma-bisection,0.01,B4_CFHM,0.6,0.44,1010,-4.57861328125,1.0,ELIGIBLE,0.03995192307692308
A1,0.6913555194805194,gamma-bisection,0.01,B1_in_degree,1.0,0.92,1011,-4.0146484375,1.0,ELIGIBLE,0.040096153846153844
A1,0.47554788961038963,gamma-bisection,0.01,B2_age_x_popularity,0.3,0.52,1011,-4.0146484375,1.0,ELIGIBLE,0.040096153846153844
A1,0.7740462662337663,gamma-bisection,0.01,B3_fragility_only,1.0,1.0,1011,-4.0146484375,1.0,ELIGIBLE,0.040096153846153844
A1,0.5823863636363636,gamma-bisection,0.01,B4_CFHM,0.9,0.88,1011,-4.0146484375,1.0,ELIGIBLE,0.040096153846153844
A2,0.7033898305084745,gamma-bisection,0.01,B1_in_degree,1.0,0.88,1011,-4.20263671875,1.0,ELIGIBLE,0.04
A2,0.4570070276973956,gamma-bisection,0.01,B2_age_x_popularity,0.7,0.6,1011,-4.20263671875,1.0,ELIGIBLE,0.04
A2,0.7450392724266226,gamma-bisection,0.01,B3_fragility_only,1.0,1.0,1011,-4.20263671875,1.0,ELIGIBLE,0.04
A2,0.5694501860272839,gamma-bisection,0.01,B4_CFHM,0.9,0.88,1011,-4.20263671875,1.0,ELIGIBLE,0.04
A1,0.5705169455169455,gamma-bisection,0.01,B1_in_degree,0.8,0.72,1012,-3.8642578125,1.0,ELIGIBLE,0.03985576923076923
A1,0.44766194766194756,gamma-bisection,0.01,B2_age_x_popularity,0.9,0.64,1012,-3.8642578125,1.0,ELIGIBLE,0.03985576923076923
A1,0.7596525096525096,gamma-bisection,0.01,B3_fragility_only,0.9,0.88,1012,-3.8642578125,1.0,ELIGIBLE,0.03985576923076923
A1,0.46782496782496785,gamma-bisection,0.01,B4_CFHM,0.7,0.68,1012,-3.8642578125,1.0,ELIGIBLE,0.03985576923076923
A2,0.5106732348111658,gamma-bisection,0.01,B1_in_degree,0.5,0.6,1012,-3.8984375,1.0,ELIGIBLE,0.04
A2,0.43257389162561577,gamma-bisection,0.01,B2_age_x_popularity,0.2,0.52,1012,-3.8984375,1.0,ELIGIBLE,0.04
A2,0.7279351395730707,gamma-bisection,0.01,B3_fragility_only,0.8,0.84,1012,-3.8984375,1.0,ELIGIBLE,0.04
A2,0.49199507389162567,gamma-bisection,0.01,B4_CFHM,0.8,0.64,1012,-3.8984375,1.0,ELIGIBLE,0.04
A1,0.45455005567365125,gamma-bisection,0.01,B1_in_degree,0.2,0.44,1013,-4.03857421875,1.0,ELIGIBLE,0.04004807692307692
A1,0.32402064986334655,gamma-bisection,0.01,B2_age_x_popularity,0.1,0.24,1013,-4.03857421875,1.0,ELIGIBLE,0.04004807692307692
A1,0.7861119546512805,gamma-bisection,0.01,B3_fragility_only,0.9,0.96,1013,-4.03857421875,1.0,ELIGIBLE,0.04004807692307692
A1,0.6542160137665756,gamma-bisection,0.01,B4_CFHM,0.7,0.68,1013,-4.03857421875,1.0,ELIGIBLE,0.04004807692307692
A2,0.49407887962104835,gamma-bisection,0.01,B1_in_degree,0.8,0.56,1013,-4.16845703125,1.0,ELIGIBLE,0.03995192307692308
A2,0.38801359283286996,gamma-bisection,0.01,B2_age_x_popularity,0.4,0.56,1013,-4.16845703125,1.0,ELIGIBLE,0.03995192307692308
A2,0.669858922870971,gamma-bisection,0.01,B3_fragility_only,0.8,0.84,1013,-4.16845703125,1.0,ELIGIBLE,0.03995192307692308
A2,0.6374214807949747,gamma-bisection,0.01,B4_CFHM,0.8,0.72,1013,-4.16845703125,1.0,ELIGIBLE,0.03995192307692308
A1,0.7334912793628391,gamma-bisection,0.01,B1_in_degree,1.0,0.84,1014,-4.03173828125,1.0,ELIGIBLE,0.04
A1,0.5404778707531002,gamma-bisection,0.01,B2_age_x_popularity,0.3,0.52,1014,-4.03173828125,1.0,ELIGIBLE,0.04
A1,0.8755922976106463,gamma-bisection,0.01,B3_fragility_only,1.0,1.0,1014,-4.03173828125,1.0,ELIGIBLE,0.04
A1,0.5363443895553988,gamma-bisection,0.01,B4_CFHM,0.6,0.52,1014,-4.03173828125,1.0,ELIGIBLE,0.04
A2,0.6885254101640657,gamma-bisection,0.01,B1_in_degree,0.9,0.76,1014,-4.467529296875,1.0,ELIGIBLE,0.04
A2,0.4616846738695478,gamma-bisection,0.01,B2_age_x_popularity,0.3,0.4,1014,-4.467529296875,1.0,ELIGIBLE,0.04
A2,0.7573029211684674,gamma-bisection,0.01,B3_fragility_only,1.0,0.92,1014,-4.467529296875,1.0,ELIGIBLE,0.04
A2,0.4336734693877551,gamma-bisection,0.01,B4_CFHM,0.7,0.44,1014,-4.467529296875,1.0,ELIGIBLE,0.04
A1,0.473023585383136,gamma-bisection,0.01,B1_in_degree,0.3,0.44,1015,-4.101806640625,1.0,ELIGIBLE,0.04
A1,0.4605729324830448,gamma-bisection,0.01,B2_age_x_popularity,0.5,0.56,1015,-4.101806640625,1.0,ELIGIBLE,0.04
A1,0.8420892802915276,gamma-bisection,0.01,B3_fragility_only,1.0,1.0,1015,-4.101806640625,1.0,ELIGIBLE,0.04
A1,0.601275432736107,gamma-bisection,0.01,B4_CFHM,0.6,0.6,1015,-4.101806640625,1.0,ELIGIBLE,0.04
A2,0.4163131313131313,gamma-bisection,0.01,B1_in_degree,0.5,0.48,1015,-4.156494140625,1.0,ELIGIBLE,0.04
A2,0.46515151515151515,gamma-bisection,0.01,B2_age_x_popularity,0.4,0.52,1015,-4.156494140625,1.0,ELIGIBLE,0.04
A2,0.7023232323232322,gamma-bisection,0.01,B3_fragility_only,1.0,0.96,1015,-4.156494140625,1.0,ELIGIBLE,0.04
A2,0.5327272727272726,gamma-bisection,0.01,B4_CFHM,0.5,0.52,1015,-4.156494140625,1.0,ELIGIBLE,0.04
A1,0.6645054945054946,gamma-bisection,0.01,B1_in_degree,1.0,0.84,1016,-3.802734375,1.0,ELIGIBLE,0.04
A1,0.4912087912087912,gamma-bisection,0.01,B2_age_x_popularity,0.8,0.72,1016,-3.802734375,1.0,ELIGIBLE,0.04
A1,0.7872527472527472,gamma-bisection,0.01,B3_fragility_only,0.9,0.96,1016,-3.802734375,1.0,ELIGIBLE,0.04
A1,0.5897802197802197,gamma-bisection,0.01,B4_CFHM,0.9,0.92,1016,-3.802734375,1.0,ELIGIBLE,0.04
A2,0.67072,gamma-bisection,0.01,B1_in_degree,0.6,0.72,1016,-3.913818359375,1.0,ELIGIBLE,0.04
A2,0.46112000000000003,gamma-bisection,0.01,B2_age_x_popularity,0.6,0.64,1016,-3.913818359375,1.0,ELIGIBLE,0.04
A2,0.7476266666666667,gamma-bisection,0.01,B3_fragility_only,1.0,0.92,1016,-3.913818359375,1.0,ELIGIBLE,0.04
A2,0.4827733333333333,gamma-bisection,0.01,B4_CFHM,0.8,0.72,1016,-3.913818359375,1.0,ELIGIBLE,0.04
A1,0.6293616584564862,gamma-bisection,0.01,B1_in_degree,0.8,0.72,1017,-3.941162109375,1.0,ELIGIBLE,0.03995192307692308
A1,0.5615763546798029,gamma-bisection,0.01,B2_age_x_popularity,0.4,0.68,1017,-3.941162109375,1.0,ELIGIBLE,0.03995192307692308
A1,0.7743226600985221,gamma-bisection,0.01,B3_fragility_only,0.9,0.88,1017,-3.941162109375,1.0,ELIGIBLE,0.03995192307692308
A1,0.5558292282430214,gamma-bisection,0.01,B4_CFHM,0.6,0.64,1017,-3.941162109375,1.0,ELIGIBLE,0.03995192307692308
A2,0.5556309362279511,gamma-bisection,0.01,B1_in_degree,0.7,0.72,1017,-3.718994140625,1.0,ELIGIBLE,0.04
A2,0.5862731795567617,gamma-bisection,0.01,B2_age_x_popularity,0.7,0.76,1017,-3.718994140625,1.0,ELIGIBLE,0.04
A2,0.7409543193125282,gamma-bisection,0.01,B3_fragility_only,1.0,0.92,1017,-3.718994140625,1.0,ELIGIBLE,0.04
A2,0.5027137042062415,gamma-bisection,0.01,B4_CFHM,0.8,0.68,1017,-3.718994140625,1.0,ELIGIBLE,0.04
A1,0.47914768701285554,gamma-bisection,0.01,B1_in_degree,0.5,0.6,1018,-4.2470703125,1.0,ELIGIBLE,0.03995192307692308
A1,0.4699868407733576,gamma-bisection,0.01,B2_age_x_popularity,0.1,0.28,1018,-4.2470703125,1.0,ELIGIBLE,0.03995192307692308
A1,0.8155683773661302,gamma-bisection,0.01,B3_fragility_only,1.0,1.0,1018,-4.2470703125,1.0,ELIGIBLE,0.03995192307692308
A1,0.6675776900496001,gamma-bisection,0.01,B4_CFHM,0.8,0.68,1018,-4.2470703125,1.0,ELIGIBLE,0.03995192307692308
A2,0.4551384985949418,gamma-bisection,0.01,B1_in_degree,0.5,0.4,1018,-4.402587890625,1.0,ELIGIBLE,0.03995192307692308
A2,0.49869530309112803,gamma-bisection,0.01,B2_age_x_popularity,0.2,0.32,1018,-4.402587890625,1.0,ELIGIBLE,0.03995192307692308
A2,0.7202930549979928,gamma-bisection,0.01,B3_fragility_only,0.8,0.76,1018,-4.402587890625,1.0,ELIGIBLE,0.03995192307692308
A2,0.6258530710558009,gamma-bisection,0.01,B4_CFHM,0.9,0.68,1018,-4.402587890625,1.0,ELIGIBLE,0.03995192307692308
A1,0.5402258292166549,gamma-bisection,0.01,B1_in_degree,0.6,0.68,1019,-4.153076171875,1.0,ELIGIBLE,0.04004807692307692
A1,0.45811069664280674,gamma-bisection,0.01,B2_age_x_popularity,0.4,0.44,1019,-4.153076171875,1.0,ELIGIBLE,0.04004807692307692
A1,0.7932251235003528,gamma-bisection,0.01,B3_fragility_only,1.0,0.84,1019,-4.153076171875,1.0,ELIGIBLE,0.04004807692307692
A1,0.5841314648654099,gamma-bisection,0.01,B4_CFHM,0.6,0.48,1019,-4.153076171875,1.0,ELIGIBLE,0.04004807692307692
A2,0.4784913965586234,gamma-bisection,0.01,B1_in_degree,0.2,0.4,1019,-4.322265625,1.0,ELIGIBLE,0.04
A2,0.5102040816326531,gamma-bisection,0.01,B2_age_x_popularity,0.3,0.48,1019,-4.322265625,1.0,ELIGIBLE,0.04
A2,0.6967787114845938,gamma-bisection,0.01,B3_fragility_only,0.7,0.8,1019,-4.322265625,1.0,ELIGIBLE,0.04
A2,0.6081432573029211,gamma-bisection,0.01,B4_CFHM,0.6,0.6,1019,-4.322265625,1.0,ELIGIBLE,0.04
A1,0.6069239272434932,gamma-bisection,0.01,B1_in_degree,0.7,0.8,1020,-4.08642578125,1.0,ELIGIBLE,0.03995192307692308
A1,0.6570193950356747,gamma-bisection,0.01,B2_age_x_popularity,0.6,0.68,1020,-4.08642578125,1.0,ELIGIBLE,0.03995192307692308
A1,0.8303688071550599,gamma-bisection,0.01,B3_fragility_only,0.9,0.88,1020,-4.08642578125,1.0,ELIGIBLE,0.03995192307692308
A1,0.5197467591196865,gamma-bisection,0.01,B4_CFHM,0.4,0.48,1020,-4.08642578125,1.0,ELIGIBLE,0.03995192307692308
A2,0.5646320477781152,gamma-bisection,0.01,B1_in_degree,0.7,0.56,1020,-4.1650390625,1.0,ELIGIBLE,0.04
A2,0.5793096467253771,gamma-bisection,0.01,B2_age_x_popularity,0.6,0.76,1020,-4.1650390625,1.0,ELIGIBLE,0.04
A2,0.8118230590140701,gamma-bisection,0.01,B3_fragility_only,1.0,0.96,1020,-4.1650390625,1.0,ELIGIBLE,0.04
A2,0.5172588318655734,gamma-bisection,0.01,B4_CFHM,0.5,0.2,1020,-4.1650390625,1.0,ELIGIBLE,0.04
A1,0.6104058159722222,gamma-bisection,0.01,B1_in_degree,0.9,0.8,1021,-3.828369140625,1.0,ELIGIBLE,0.040096153846153844
A1,0.6219618055555556,gamma-bisection,0.01,B2_age_x_popularity,0.8,0.8,1021,-3.828369140625,1.0,ELIGIBLE,0.040096153846153844
A1,0.7724609375,gamma-bisection,0.01,B3_fragility_only,0.9,0.88,1021,-3.828369140625,1.0,ELIGIBLE,0.040096153846153844
A1,0.4165581597222222,gamma-bisection,0.01,B4_CFHM,0.6,0.56,1021,-3.828369140625,1.0,ELIGIBLE,0.040096153846153844
A2,0.6111530579225543,gamma-bisection,0.01,B1_in_degree,0.7,0.8,1021,-3.828369140625,1.0,ELIGIBLE,0.04
A2,0.552799050803581,gamma-bisection,0.01,B2_age_x_popularity,0.8,0.64,1021,-3.828369140625,1.0,ELIGIBLE,0.04
A2,0.7303419264372776,gamma-bisection,0.01,B3_fragility_only,1.0,0.88,1021,-3.828369140625,1.0,ELIGIBLE,0.04
A2,0.5372667457663683,gamma-bisection,0.01,B4_CFHM,0.9,0.64,1021,-3.828369140625,1.0,ELIGIBLE,0.04
A1,0.7353000000000002,gamma-bisection,0.01,B1_in_degree,0.8,0.84,1022,-3.98046875,1.0,ELIGIBLE,0.04
A1,0.5146999999999999,gamma-bisection,0.01,B2_age_x_popularity,0.4,0.56,1022,-3.98046875,1.0,ELIGIBLE,0.04
A1,0.7922,gamma-bisection,0.01,B3_fragility_only,1.0,0.88,1022,-3.98046875,1.0,ELIGIBLE,0.04
A1,0.7037,gamma-bisection,0.01,B4_CFHM,0.8,0.76,1022,-3.98046875,1.0,ELIGIBLE,0.04
A2,0.7362183612183613,gamma-bisection,0.01,B1_in_degree,0.9,0.84,1022,-3.994140625,1.0,ELIGIBLE,0.03995192307692308
A2,0.572072072072072,gamma-bisection,0.01,B2_age_x_popularity,0.5,0.6,1022,-3.994140625,1.0,ELIGIBLE,0.03995192307692308
A2,0.8075933075933076,gamma-bisection,0.01,B3_fragility_only,1.0,0.92,1022,-3.994140625,1.0,ELIGIBLE,0.03995192307692308
A2,0.6465036465036466,gamma-bisection,0.01,B4_CFHM,0.8,0.88,1022,-3.994140625,1.0,ELIGIBLE,0.03995192307692308
A1,0.7626702724358974,gamma-bisection,0.01,B1_in_degree,0.9,0.96,1023,-3.94970703125,1.0,ELIGIBLE,0.04
A1,0.4423076923076923,gamma-bisection,0.01,B2_age_x_popularity,0.2,0.36,1023,-3.94970703125,1.0,ELIGIBLE,0.04
A1,0.7998798076923078,gamma-bisection,0.01,B3_fragility_only,1.0,0.96,1023,-3.94970703125,1.0,ELIGIBLE,0.04
A1,0.6076722756410257,gamma-bisection,0.01,B4_CFHM,0.9,0.8,1023,-3.94970703125,1.0,ELIGIBLE,0.04
A2,0.7389333333333333,gamma-bisection,0.01,B1_in_degree,1.0,1.0,1023,-4.1171875,1.0,ELIGIBLE,0.03995192307692308
A2,0.4616533333333333,gamma-bisection,0.01,B2_age_x_popularity,0.3,0.48,1023,-4.1171875,1.0,ELIGIBLE,0.03995192307692308
A2,0.7586133333333334,gamma-bisection,0.01,B3_fragility_only,0.9,0.96,1023,-4.1171875,1.0,ELIGIBLE,0.03995192307692308
A2,0.5537066666666666,gamma-bisection,0.01,B4_CFHM,0.7,0.72,1023,-4.1171875,1.0,ELIGIBLE,0.03995192307692308
A1,0.6320879120879122,gamma-bisection,0.01,B1_in_degree,0.9,0.84,1024,-3.76513671875,1.0,ELIGIBLE,0.03990384615384615
A1,0.3925274725274726,gamma-bisection,0.01,B2_age_x_popularity,0.5,0.6,1024,-3.76513671875,1.0,ELIGIBLE,0.03990384615384615
A1,0.7752747252747253,gamma-bisection,0.01,B3_fragility_only,1.0,0.92,1024,-3.76513671875,1.0,ELIGIBLE,0.03990384615384615
A1,0.4842857142857143,gamma-bisection,0.01,B4_CFHM,0.6,0.68,1024,-3.76513671875,1.0,ELIGIBLE,0.03990384615384615
A2,0.5995512035903713,gamma-bisection,0.01,B1_in_degree,1.0,0.76,1024,-4.0419921875,1.0,ELIGIBLE,0.04
A2,0.4116687066503468,gamma-bisection,0.01,B2_age_x_popularity,0.7,0.52,1024,-4.0419921875,1.0,ELIGIBLE,0.04
A2,0.6248470012239902,gamma-bisection,0.01,B3_fragility_only,1.0,0.92,1024,-4.0419921875,1.0,ELIGIBLE,0.04
A2,0.5082619339045288,gamma-bisection,0.01,B4_CFHM,0.7,0.6,1024,-4.0419921875,1.0,ELIGIBLE,0.04
A1,0.6628282828282828,gamma-bisection,0.01,B1_in_degree,0.9,0.8,1025,-4.057373046875,1.0,ELIGIBLE,0.04004807692307692
A1,0.3712121212121212,gamma-bisection,0.01,B2_age_x_popularity,0.5,0.48,1025,-4.057373046875,1.0,ELIGIBLE,0.04004807692307692
A1,0.8150505050505051,gamma-bisection,0.01,B3_fragility_only,1.0,0.92,1025,-4.057373046875,1.0,ELIGIBLE,0.04004807692307692
A1,0.6018181818181819,gamma-bisection,0.01,B4_CFHM,0.9,0.8,1025,-4.057373046875,1.0,ELIGIBLE,0.04004807692307692
A2,0.5895935960591132,gamma-bisection,0.01,B1_in_degree,0.8,0.76,1025,-4.25390625,1.0,ELIGIBLE,0.04
A2,0.4417077175697866,gamma-bisection,0.01,B2_age_x_popularity,0.6,0.56,1025,-4.25390625,1.0,ELIGIBLE,0.04
A2,0.6398809523809522,gamma-bisection,0.01,B3_fragility_only,0.9,0.88,1025,-4.25390625,1.0,ELIGIBLE,0.04
A2,0.5199096880131362,gamma-bisection,0.01,B4_CFHM,0.4,0.56,1025,-4.25390625,1.0,ELIGIBLE,0.04
A1,0.42567708333333343,gamma-bisection,0.01,B1_in_degree,0.7,0.56,1026,-3.934326171875,1.0,ELIGIBLE,0.04004807692307692
A1,0.5509375,gamma-bisection,0.01,B2_age_x_popularity,0.8,0.64,1026,-3.934326171875,1.0,ELIGIBLE,0.04004807692307692
A1,0.7676041666666666,gamma-bisection,0.01,B3_fragility_only,1.0,0.96,1026,-3.934326171875,1.0,ELIGIBLE,0.04004807692307692
A1,0.4796875,gamma-bisection,0.01,B4_CFHM,0.5,0.52,1026,-3.934326171875,1.0,ELIGIBLE,0.04004807692307692
A2,0.4505517826825127,gamma-bisection,0.01,B1_in_degree,0.6,0.64,1026,-4.112060546875,1.0,ELIGIBLE,0.04
A2,0.5931663837011885,gamma-bisection,0.01,B2_age_x_popularity,1.0,0.8,1026,-4.112060546875,1.0,ELIGIBLE,0.04
A2,0.633276740237691,gamma-bisection,0.01,B3_fragility_only,0.8,0.8,1026,-4.112060546875,1.0,ELIGIBLE,0.04
A2,0.4892826825127335,gamma-bisection,0.01,B4_CFHM,0.8,0.72,1026,-4.112060546875,1.0,ELIGIBLE,0.04
A1,0.7435743574357435,gamma-bisection,0.01,B1_in_degree,0.9,0.88,1027,-3.985595703125,1.0,ELIGIBLE,0.03995192307692308
A1,0.49484948494849484,gamma-bisection,0.01,B2_age_x_popularity,0.4,0.6,1027,-3.985595703125,1.0,ELIGIBLE,0.03995192307692308
A1,0.8639863986398639,gamma-bisection,0.01,B3_fragility_only,1.0,0.96,1027,-3.985595703125,1.0,ELIGIBLE,0.03995192307692308
A1,0.6008600860086009,gamma-bisection,0.01,B4_CFHM,0.9,0.92,1027,-3.985595703125,1.0,ELIGIBLE,0.03995192307692308
A2,0.6258003201280512,gamma-bisection,0.01,B1_in_degree,0.6,0.56,1027,-3.924072265625,1.0,ELIGIBLE,0.04
A2,0.4875950380152061,gamma-bisection,0.01,B2_age_x_popularity,0.2,0.36,1027,-3.924072265625,1.0,ELIGIBLE,0.04
A2,0.735594237695078,gamma-bisection,0.01,B3_fragility_only,1.0,0.88,1027,-3.924072265625,1.0,ELIGIBLE,0.04
A2,0.47959183673469397,gamma-bisection,0.01,B4_CFHM,0.5,0.56,1027,-3.924072265625,1.0,ELIGIBLE,0.04
A1,0.65515625,gamma-bisection,0.01,B1_in_degree,0.9,0.72,1028,-3.92236328125,1.0,ELIGIBLE,0.04
A1,0.5718749999999999,gamma-bisection,0.01,B2_age_x_popularity,0.6,0.6,1028,-3.92236328125,1.0,ELIGIBLE,0.04
A1,0.7907291666666666,gamma-bisection,0.01,B3_fragility_only,1.0,1.0,1028,-3.92236328125,1.0,ELIGIBLE,0.04
A1,0.7671874999999999,gamma-bisection,0.01,B4_CFHM,1.0,1.0,1028,-3.92236328125,1.0,ELIGIBLE,0.04
A2,0.571864983974359,gamma-bisection,0.01,B1_in_degree,0.6,0.56,1028,-3.9326171875,1.0,ELIGIBLE,0.04
A2,0.5923477564102564,gamma-bisection,0.01,B2_age_x_popularity,0.7,0.6,1028,-3.9326171875,1.0,ELIGIBLE,0.04
A2,0.757011217948718,gamma-bisection,0.01,B3_fragility_only,0.7,0.84,1028,-3.9326171875,1.0,ELIGIBLE,0.04
A2,0.7269631410256411,gamma-bisection,0.01,B4_CFHM,0.8,0.84,1028,-3.9326171875,1.0,ELIGIBLE,0.04
A1,0.7882122399758816,gamma-bisection,0.01,B1_in_degree,0.9,0.92,1029,-4.18212890625,1.0,ELIGIBLE,0.03995192307692308
A1,0.4971359662345493,gamma-bisection,0.01,B2_age_x_popularity,0.5,0.56,1029,-4.18212890625,1.0,ELIGIBLE,0.03995192307692308
A1,0.8895588383077078,gamma-bisection,0.01,B3_fragility_only,1.0,1.0,1029,-4.18212890625,1.0,ELIGIBLE,0.03995192307692308
A1,0.4796502864033765,gamma-bisection,0.01,B4_CFHM,0.3,0.48,1029,-4.18212890625,1.0,ELIGIBLE,0.03995192307692308
A2,0.7143941694503492,gamma-bisection,0.01,B1_in_degree,0.8,0.76,1029,-4.29150390625,1.0,ELIGIBLE,0.04
A2,0.4914465026824577,gamma-bisection,0.01,B2_age_x_popularity,0.4,0.48,1029,-4.29150390625,1.0,ELIGIBLE,0.04
A2,0.7613118736714242,gamma-bisection,0.01,B3_fragility_only,1.0,0.96,1029,-4.29150390625,1.0,ELIGIBLE,0.04
A2,0.4595606842797854,gamma-bisection,0.01,B4_CFHM,0.3,0.48,1029,-4.29150390625,1.0,ELIGIBLE,0.04
A1,0.7898108297467722,gamma-bisection,0.01,B1_in_degree,1.0,0.96,1030,-4.0078125,1.0,ELIGIBLE,0.03990384615384615
A1,0.5389850865779202,gamma-bisection,0.01,B2_age_x_popularity,0.6,0.56,1030,-4.0078125,1.0,ELIGIBLE,0.03990384615384615
A1,0.8096286657992192,gamma-bisection,0.01,B3_fragility_only,1.0,1.0,1030,-4.0078125,1.0,ELIGIBLE,0.03990384615384615
A1,0.6631968771894705,gamma-bisection,0.01,B4_CFHM,0.7,0.8,1030,-4.0078125,1.0,ELIGIBLE,0.03990384615384615
A2,0.6913380060675803,gamma-bisection,0.01,B1_in_degree,0.9,0.84,1030,-4.29833984375,1.0,ELIGIBLE,0.04
A2,0.45485929490532484,gamma-bisection,0.01,B2_age_x_popularity,0.4,0.6,1030,-4.29833984375,1.0,ELIGIBLE,0.04
A2,0.7310388115911706,gamma-bisection,0.01,B3_fragility_only,1.0,0.88,1030,-4.29833984375,1.0,ELIGIBLE,0.04
A2,0.5621926979809603,gamma-bisection,0.01,B4_CFHM,0.7,0.6,1030,-4.29833984375,1.0,ELIGIBLE,0.04
A1,0.5768912773873502,gamma-bisection,0.01,B1_in_degree,0.7,0.8,1031,-4.074462890625,1.0,ELIGIBLE,0.04
A1,0.6544026457213724,gamma-bisection,0.01,B2_age_x_popularity,0.7,0.64,1031,-4.074462890625,1.0,ELIGIBLE,0.04
A1,0.7712897891690781,gamma-bisection,0.01,B3_fragility_only,0.8,0.84,1031,-4.074462890625,1.0,ELIGIBLE,0.04
A1,0.6860272840016536,gamma-bisection,0.01,B4_CFHM,0.9,0.92,1031,-4.074462890625,1.0,ELIGIBLE,0.04
A2,0.5411013968445383,gamma-bisection,0.01,B1_in_degree,0.4,0.64,1031,-4.135986328125,1.0,ELIGIBLE,0.04
A2,0.6969148829263391,gamma-bisection,0.01,B2_age_x_popularity,0.9,0.8,1031,-4.135986328125,1.0,ELIGIBLE,0.04
A2,0.7756004421666164,gamma-bisection,0.01,B3_fragility_only,1.0,0.92,1031,-4.135986328125,1.0,ELIGIBLE,0.04
A2,0.6198372022912271,gamma-bisection,0.01,B4_CFHM,0.9,0.84,1031,-4.135986328125,1.0,ELIGIBLE,0.04
A1,0.54274302313518,gamma-bisection,0.01,B1_in_degree,0.8,0.6,1032,-3.87451171875,1.0,ELIGIBLE,0.03990384615384615
A1,0.38831829027907466,gamma-bisection,0.01,B2_age_x_popularity,0.3,0.4,1032,-3.87451171875,1.0,ELIGIBLE,0.03990384615384615
A1,0.7778815229795621,gamma-bisection,0.01,B3_fragility_only,1.0,0.92,1032,-3.87451171875,1.0,ELIGIBLE,0.03990384615384615
A1,0.6385517169830895,gamma-bisection,0.01,B4_CFHM,0.9,0.88,1032,-3.87451171875,1.0,ELIGIBLE,0.03990384615384615
A2,0.4593874007936508,gamma-bisection,0.01,B1_in_degree,0.6,0.68,1032,-3.88818359375,1.0,ELIGIBLE,0.04
A2,0.4830109126984127,gamma-bisection,0.01,B2_age_x_popularity,0.8,0.72,1032,-3.88818359375,1.0,ELIGIBLE,0.04
A2,0.6829117063492064,gamma-bisection,0.01,B3_fragility_only,0.8,0.88,1032,-3.88818359375,1.0,ELIGIBLE,0.04
A2,0.6034226190476192,gamma-bisection,0.01,B4_CFHM,0.8,0.8,1032,-3.88818359375,1.0,ELIGIBLE,0.04
A1,0.6227988878591288,gamma-bisection,0.01,B1_in_degree,0.8,0.76,1033,-4.057373046875,1.0,ELIGIBLE,0.04
A1,0.6051899907321594,gamma-bisection,0.01,B2_age_x_popularity,0.8,0.76,1033,-4.057373046875,1.0,ELIGIBLE,0.04
A1,0.7870456183709195,gamma-bisection,0.01,B3_fragility_only,1.0,0.92,1033,-4.057373046875,1.0,ELIGIBLE,0.04
A1,0.7161981258366801,gamma-bisection,0.01,B4_CFHM,0.7,0.84,1033,-4.057373046875,1.0,ELIGIBLE,0.04
A2,0.6679120879120879,gamma-bisection,0.01,B1_in_degree,1.0,0.96,1033,-4.047119140625,1.0,ELIGIBLE,0.04
A2,0.611868131868132,gamma-bisection,0.01,B2_age_x_popularity,0.7,0.72,1033,-4.047119140625,1.0,ELIGIBLE,0.04
A2,0.7324175824175823,gamma-bisection,0.01,B3_fragility_only,1.0,0.96,1033,-4.047119140625,1.0,ELIGIBLE,0.04
A2,0.6634065934065934,gamma-bisection,0.01,B4_CFHM,0.9,0.88,1033,-4.047119140625,1.0,ELIGIBLE,0.04
A1,0.6122796474358974,gamma-bisection,0.01,B1_in_degree,0.6,0.52,1034,-4.306884765625,1.0,ELIGIBLE,0.03995192307692308
A1,0.5434695512820513,gamma-bisection,0.01,B2_age_x_popularity,0.8,0.6,1034,-4.306884765625,1.0,ELIGIBLE,0.03995192307692308
A1,0.8708934294871795,gamma-bisection,0.01,B3_fragility_only,1.0,0.92,1034,-4.306884765625,1.0,ELIGIBLE,0.03995192307692308
A1,0.7774439102564102,gamma-bisection,0.01,B4_CFHM,1.0,0.96,1034,-4.306884765625,1.0,ELIGIBLE,0.03995192307692308
A2,0.528021978021978,gamma-bisection,0.01,B1_in_degree,0.5,0.64,1034,-4.39404296875,1.0,ELIGIBLE,0.04
A2,0.49945054945054945,gamma-bisection,0.01,B2_age_x_popularity,0.6,0.68,1034,-4.39404296875,1.0,ELIGIBLE,0.04
A2,0.7276923076923076,gamma-bisection,0.01,B3_fragility_only,1.0,0.96,1034,-4.39404296875,1.0,ELIGIBLE,0.04
A2,0.6054945054945056,gamma-bisection,0.01,B4_CFHM,0.8,0.68,1034,-4.39404296875,1.0,ELIGIBLE,0.04
A1,0.36703125000000003,gamma-bisection,0.01,B1_in_degree,0.3,0.36,1035,-4.238525390625,1.0,ELIGIBLE,0.04
A1,0.6215625,gamma-bisection,0.01,B2_age_x_popularity,0.5,0.64,1035,-4.238525390625,1.0,ELIGIBLE,0.04
A1,0.7821875,gamma-bisection,0.01,B3_fragility_only,1.0,1.0,1035,-4.238525390625,1.0,ELIGIBLE,0.04
A1,0.3967708333333333,gamma-bisection,0.01,B4_CFHM,0.6,0.6,1035,-4.238525390625,1.0,ELIGIBLE,0.04
A2,0.3591243315508021,gamma-bisection,0.01,B1_in_degree,0.5,0.52,1035,-4.235107421875,1.0,ELIGIBLE,0.04
A2,0.6465017825311943,gamma-bisection,0.01,B2_age_x_popularity,0.9,0.8,1035,-4.235107421875,1.0,ELIGIBLE,0.04
A2,0.7501114081996435,gamma-bisection,0.01,B3_fragility_only,1.0,0.88,1035,-4.235107421875,1.0,ELIGIBLE,0.04
A2,0.4507575757575758,gamma-bisection,0.01,B4_CFHM,0.7,0.76,1035,-4.235107421875,1.0,ELIGIBLE,0.04
A1,0.625203998368013,gamma-bisection,0.01,B1_in_degree,0.9,0.8,1036,-3.855712890625,1.0,ELIGIBLE,0.03985576923076923
A1,0.4737862097103223,gamma-bisection,0.01,B2_age_x_popularity,0.3,0.4,1036,-3.855712890625,1.0,ELIGIBLE,0.03985576923076923
A1,0.7885556915544676,gamma-bisection,0.01,B3_fragility_only,1.0,0.96,1036,-3.855712890625,1.0,ELIGIBLE,0.03985576923076923
A1,0.6494288045695634,gamma-bisection,0.01,B4_CFHM,1.0,0.84,1036,-3.855712890625,1.0,ELIGIBLE,0.03985576923076923
A2,0.5046226509898503,gamma-bisection,0.01,B1_in_degree,0.5,0.48,1036,-4.0146484375,1.0,ELIGIBLE,0.03995192307692308
A2,0.5224600542659029,gamma-bisection,0.01,B2_age_x_popularity,0.3,0.44,1036,-4.0146484375,1.0,ELIGIBLE,0.03995192307692308
A2,0.7301778715706965,gamma-bisection,0.01,B3_fragility_only,0.9,0.92,1036,-4.0146484375,1.0,ELIGIBLE,0.03995192307692308
A2,0.6138076575218572,gamma-bisection,0.01,B4_CFHM,0.7,0.56,1036,-4.0146484375,1.0,ELIGIBLE,0.03995192307692308
A1,0.78531412565026,gamma-bisection,0.01,B1_in_degree,1.0,0.84,1037,-3.968505859375,1.0,ELIGIBLE,0.03995192307692308
A1,0.6539615846338535,gamma-bisection,0.01,B2_age_x_popularity,0.9,0.84,1037,-3.968505859375,1.0,ELIGIBLE,0.03995192307692308
A1,0.8585434173669467,gamma-bisection,0.01,B3_fragility_only,1.0,1.0,1037,-3.968505859375,1.0,ELIGIBLE,0.03995192307692308
A1,0.5872348939575831,gamma-bisection,0.01,B4_CFHM,0.7,0.72,1037,-3.968505859375,1.0,ELIGIBLE,0.03995192307692308
A2,0.7055205520552055,gamma-bisection,0.01,B1_in_degree,0.8,0.8,1037,-4.146240234375,1.0,ELIGIBLE,0.04
A2,0.6495649564956496,gamma-bisection,0.01,B2_age_x_popularity,0.9,0.8,1037,-4.146240234375,1.0,ELIGIBLE,0.04
A2,0.813081308130813,gamma-bisection,0.01,B3_fragility_only,1.0,1.0,1037,-4.146240234375,1.0,ELIGIBLE,0.04
A2,0.5722572257225722,gamma-bisection,0.01,B4_CFHM,0.5,0.6,1037,-4.146240234375,1.0,ELIGIBLE,0.04
A1,0.6801592902510334,gamma-bisection,0.01,B1_in_degree,0.8,0.84,1038,-4.108642578125,1.0,ELIGIBLE,0.03995192307692308
A1,0.3535638673253353,gamma-bisection,0.01,B2_age_x_popularity,0.5,0.4,1038,-4.108642578125,1.0,ELIGIBLE,0.03995192307692308
A1,0.8357697348523037,gamma-bisection,0.01,B3_fragility_only,1.0,1.0,1038,-4.108642578125,1.0,ELIGIBLE,0.03995192307692308
A1,0.8107672144369392,gamma-bisection,0.01,B4_CFHM,1.0,1.0,1038,-4.108642578125,1.0,ELIGIBLE,0.03995192307692308
A2,0.6059313528703332,gamma-bisection,0.01,B1_in_degree,0.7,0.6,1038,-4.409423828125,1.0,ELIGIBLE,0.04
A2,0.4341629867523083,gamma-bisection,0.01,B2_age_x_popularity,0.4,0.4,1038,-4.409423828125,1.0,ELIGIBLE,0.04
A2,0.757226013649137,gamma-bisection,0.01,B3_fragility_only,1.0,1.0,1038,-4.409423828125,1.0,ELIGIBLE,0.04
A2,0.6864712966680049,gamma-bisection,0.01,B4_CFHM,0.7,0.8,1038,-4.409423828125,1.0,ELIGIBLE,0.04
A1,0.5552,gamma-bisection,0.01,B1_in_degree,0.7,0.68,1039,-3.893310546875,1.0,ELIGIBLE,0.04004807692307692
A1,0.34677333333333327,gamma-bisection,0.01,B2_age_x_popularity,0.5,0.44,1039,-3.893310546875,1.0,ELIGIBLE,0.04004807692307692
A1,0.7869866666666666,gamma-bisection,0.01,B3_fragility_only,0.9,0.96,1039,-3.893310546875,1.0,ELIGIBLE,0.04004807692307692
A1,0.58368,gamma-bisection,0.01,B4_CFHM,0.6,0.72,1039,-3.893310546875,1.0,ELIGIBLE,0.04004807692307692
A2,0.42767775404333236,gamma-bisection,0.01,B1_in_degree,0.7,0.44,1039,-4.245361328125,1.0,ELIGIBLE,0.03995192307692308
A2,0.4878445732885769,gamma-bisection,0.01,B2_age_x_popularity,0.6,0.6,1039,-4.245361328125,1.0,ELIGIBLE,0.03995192307692308
A2,0.648052080154613,gamma-bisection,0.01,B3_fragility_only,0.8,0.84,1039,-4.245361328125,1.0,ELIGIBLE,0.03995192307692308
A2,0.5047299359169972,gamma-bisection,0.01,B4_CFHM,0.4,0.56,1039,-4.245361328125,1.0,ELIGIBLE,0.03995192307692308
A1,0.6425,gamma-bisection,0.01,B1_in_degree,0.8,0.6,1040,-4.07275390625,1.0,ELIGIBLE,0.04004807692307692
A1,0.48600000000000004,gamma-bisection,0.01,B2_age_x_popularity,0.4,0.44,1040,-4.07275390625,1.0,ELIGIBLE,0.04004807692307692
A1,0.8529,gamma-bisection,0.01,B3_fragility_only,1.0,1.0,1040,-4.07275390625,1.0,ELIGIBLE,0.04004807692307692
A1,0.7613,gamma-bisection,0.01,B4_CFHM,1.0,0.92,1040,-4.07275390625,1.0,ELIGIBLE,0.04004807692307692
A2,0.6784152171701759,gamma-bisection,0.01,B1_in_degree,0.6,0.8,1040,-4.53759765625,1.0,ELIGIBLE,0.04
A2,0.4949649069270674,gamma-bisection,0.01,B2_age_x_popularity,0.4,0.36,1040,-4.53759765625,1.0,ELIGIBLE,0.04
A2,0.7151866544603803,gamma-bisection,0.01,B3_fragility_only,0.9,0.88,1040,-4.53759765625,1.0,ELIGIBLE,0.04
A2,0.6348286033974164,gamma-bisection,0.01,B4_CFHM,0.7,0.76,1040,-4.53759765625,1.0,ELIGIBLE,0.04
A1,0.528061224489796,gamma-bisection,0.01,B1_in_degree,0.7,0.64,1041,-4.187255859375,1.0,ELIGIBLE,0.040192307692307694
A1,0.41946778711484595,gamma-bisection,0.01,B2_age_x_popularity,0.3,0.44,1041,-4.187255859375,1.0,ELIGIBLE,0.040192307692307694
A1,0.8503401360544218,gamma-bisection,0.01,B3_fragility_only,0.8,0.92,1041,-4.187255859375,1.0,ELIGIBLE,0.040192307692307694
A1,0.6053421368547418,gamma-bisection,0.01,B4_CFHM,0.7,0.68,1041,-4.187255859375,1.0,ELIGIBLE,0.040192307692307694
A2,0.5976751207729469,gamma-bisection,0.01,B1_in_degree,0.7,0.68,1041,-4.68115234375,1.0,ELIGIBLE,0.03995192307692308
A2,0.42924718196457323,gamma-bisection,0.01,B2_age_x_popularity,0.3,0.48,1041,-4.68115234375,1.0,ELIGIBLE,0.03995192307692308
A2,0.7362117552334945,gamma-bisection,0.01,B3_fragility_only,0.9,0.84,1041,-4.68115234375,1.0,ELIGIBLE,0.03995192307692308
A2,0.5302938808373591,gamma-bisection,0.01,B4_CFHM,0.7,0.6,1041,-4.68115234375,1.0,ELIGIBLE,0.03995192307692308
A1,0.682920692431562,gamma-bisection,0.01,B1_in_degree,0.9,0.76,1042,-4.05908203125,1.0,ELIGIBLE,0.04
A1,0.5206320450885669,gamma-bisection,0.01,B2_age_x_popularity,0.5,0.52,1042,-4.05908203125,1.0,ELIGIBLE,0.04
A1,0.85829307568438,gamma-bisection,0.01,B3_fragility_only,1.0,0.96,1042,-4.05908203125,1.0,ELIGIBLE,0.04
A1,0.4678945249597424,gamma-bisection,0.01,B4_CFHM,0.2,0.28,1042,-4.05908203125,1.0,ELIGIBLE,0.04
A2,0.6093500000000001,gamma-bisection,0.01,B1_in_degree,0.6,0.72,1042,-4.103515625,1.0,ELIGIBLE,0.03995192307692308
A2,0.5401,gamma-bisection,0.01,B2_age_x_popularity,0.5,0.48,1042,-4.103515625,1.0,ELIGIBLE,0.03995192307692308
A2,0.7675,gamma-bisection,0.01,B3_fragility_only,0.9,0.92,1042,-4.103515625,1.0,ELIGIBLE,0.03995192307692308
A2,0.5086999999999999,gamma-bisection,0.01,B4_CFHM,0.6,0.4,1042,-4.103515625,1.0,ELIGIBLE,0.03995192307692308
A1,0.5434695512820513,gamma-bisection,0.01,B1_in_degree,0.6,0.72,1043,-4.45556640625,1.0,ELIGIBLE,0.04004807692307692
A1,0.4942908653846154,gamma-bisection,0.01,B2_age_x_popularity,0.4,0.4,1043,-4.45556640625,1.0,ELIGIBLE,0.04004807692307692
A1,0.8492588141025641,gamma-bisection,0.01,B3_fragility_only,1.0,1.0,1043,-4.45556640625,1.0,ELIGIBLE,0.04004807692307692
A1,0.6614583333333333,gamma-bisection,0.01,B4_CFHM,0.5,0.68,1043,-4.45556640625,1.0,ELIGIBLE,0.04004807692307692
A2,0.56640625,gamma-bisection,0.01,B1_in_degree,0.6,0.56,1043,-4.6572265625,1.0,ELIGIBLE,0.04
A2,0.43516639610389607,gamma-bisection,0.01,B2_age_x_popularity,0.4,0.44,1043,-4.6572265625,1.0,ELIGIBLE,0.04
A2,0.7227069805194806,gamma-bisection,0.01,B3_fragility_only,0.9,0.92,1043,-4.6572265625,1.0,ELIGIBLE,0.04
A2,0.5992288961038961,gamma-bisection,0.01,B4_CFHM,0.7,0.76,1043,-4.6572265625,1.0,ELIGIBLE,0.04
A1,0.535035138486978,gamma-bisection,0.01,B1_in_degree,0.6,0.6,1044,-3.9736328125,1.0,ELIGIBLE,0.04
A1,0.46661843737081443,gamma-bisection,0.01,B2_age_x_popularity,0.5,0.48,1044,-3.9736328125,1.0,ELIGIBLE,0.04
A1,0.791649441918148,gamma-bisection,0.01,B3_fragility_only,1.0,0.96,1044,-3.9736328125,1.0,ELIGIBLE,0.04
A1,0.6010748243075651,gamma-bisection,0.01,B4_CFHM,0.7,0.52,1044,-3.9736328125,1.0,ELIGIBLE,0.04
A2,0.5103324808184143,gamma-bisection,0.01,B1_in_degree,0.3,0.56,1044,-4.224853515625,1.0,ELIGIBLE,0.03995192307692308
A2,0.5141687979539642,gamma-bisection,0.01,B2_age_x_popularity,0.2,0.44,1044,-4.224853515625,1.0,ELIGIBLE,0.03995192307692308
A2,0.7374936061381074,gamma-bisection,0.01,B3_fragility_only,1.0,0.88,1044,-4.224853515625,1.0,ELIGIBLE,0.03995192307692308
A2,0.5360613810741688,gamma-bisection,0.01,B4_CFHM,0.5,0.48,1044,-4.224853515625,1.0,ELIGIBLE,0.03995192307692308
A1,0.6969604243166055,gamma-bisection,0.01,B1_in_degree,0.7,0.84,1045,-3.720703125,1.0,ELIGIBLE,0.040096153846153844
A1,0.545389636882905,gamma-bisection,0.01,B2_age_x_popularity,0.6,0.48,1045,-3.720703125,1.0,ELIGIBLE,0.040096153846153844
A1,0.7052223582211343,gamma-bisection,0.01,B3_fragility_only,0.9,0.88,1045,-3.720703125,1.0,ELIGIBLE,0.040096153846153844
A1,0.5806813545491636,gamma-bisection,0.01,B4_CFHM,0.8,0.64,1045,-3.720703125,1.0,ELIGIBLE,0.040096153846153844
A2,0.6485918453131568,gamma-bisection,0.01,B1_in_degree,0.9,0.8,1045,-4.019775390625,1.0,ELIGIBLE,0.03995192307692308
A2,0.5438209331651955,gamma-bisection,0.01,B2_age_x_popularity,0.9,0.76,1045,-4.019775390625,1.0,ELIGIBLE,0.03995192307692308
A2,0.6751786464901219,gamma-bisection,0.01,B3_fragility_only,0.9,0.84,1045,-4.019775390625,1.0,ELIGIBLE,0.03995192307692308
A2,0.4666876839007987,gamma-bisection,0.01,B4_CFHM,0.6,0.64,1045,-4.019775390625,1.0,ELIGIBLE,0.03995192307692308
A1,0.6022395833333334,gamma-bisection,0.01,B1_in_degree,0.7,0.64,1046,-4.0419921875,1.0,ELIGIBLE,0.04
A1,0.3017708333333334,gamma-bisection,0.01,B2_age_x_popularity,0.2,0.28,1046,-4.0419921875,1.0,ELIGIBLE,0.04
A1,0.7984375,gamma-bisection,0.01,B3_fragility_only,1.0,0.96,1046,-4.0419921875,1.0,ELIGIBLE,0.04
A1,0.4158333333333334,gamma-bisection,0.01,B4_CFHM,0.4,0.44,1046,-4.0419921875,1.0,ELIGIBLE,0.04
A2,0.5069630124777182,gamma-bisection,0.01,B1_in_degree,0.7,0.72,1046,-4.29833984375,1.0,ELIGIBLE,0.04004807692307692
A2,0.3712121212121212,gamma-bisection,0.01,B2_age_x_popularity,0.5,0.56,1046,-4.29833984375,1.0,ELIGIBLE,0.04004807692307692
A2,0.6506238859180035,gamma-bisection,0.01,B3_fragility_only,0.9,0.96,1046,-4.29833984375,1.0,ELIGIBLE,0.04004807692307692
A2,0.356729055258467,gamma-bisection,0.01,B4_CFHM,0.4,0.56,1046,-4.29833984375,1.0,ELIGIBLE,0.04004807692307692
A1,0.5779676533414708,gamma-bisection,0.01,B1_in_degree,0.8,0.76,1047,-4.019775390625,1.0,ELIGIBLE,0.040096153846153844
A1,0.5489777235276166,gamma-bisection,0.01,B2_age_x_popularity,0.7,0.6,1047,-4.019775390625,1.0,ELIGIBLE,0.040096153846153844
A1,0.8266707354287458,gamma-bisection,0.01,B3_fragility_only,1.0,1.0,1047,-4.019775390625,1.0,ELIGIBLE,0.040096153846153844
A1,0.5691180958193469,gamma-bisection,0.01,B4_CFHM,0.7,0.76,1047,-4.019775390625,1.0,ELIGIBLE,0.040096153846153844
A2,0.4908760963806836,gamma-bisection,0.01,B1_in_degree,0.6,0.44,1047,-4.204345703125,1.0,ELIGIBLE,0.04
A2,0.45659844742413547,gamma-bisection,0.01,B2_age_x_popularity,0.5,0.32,1047,-4.204345703125,1.0,ELIGIBLE,0.04
A2,0.7858655106361528,gamma-bisection,0.01,B3_fragility_only,0.8,0.72,1047,-4.204345703125,1.0,ELIGIBLE,0.04
A2,0.6480491985079141,gamma-bisection,0.01,B4_CFHM,1.0,0.8,1047,-4.204345703125,1.0,ELIGIBLE,0.04
A1,0.6988941711451012,gamma-bisection,0.01,B1_in_degree,0.9,0.96,1048,-4.185546875,1.0,ELIGIBLE,0.03980769230769231
A1,0.5213931376601901,gamma-bisection,0.01,B2_age_x_popularity,0.5,0.56,1048,-4.185546875,1.0,ELIGIBLE,0.03980769230769231
A1,0.8152128978916908,gamma-bisection,0.01,B3_fragility_only,1.0,1.0,1048,-4.185546875,1.0,ELIGIBLE,0.03980769230769231
A1,0.6504754030591153,gamma-bisection,0.01,B4_CFHM,1.0,0.88,1048,-4.185546875,1.0,ELIGIBLE,0.03980769230769231
A2,0.5798493208828523,gamma-bisection,0.01,B1_in_degree,0.7,0.64,1048,-4.334228515625,1.0,ELIGIBLE,0.04
A2,0.562181663837012,gamma-bisection,0.01,B2_age_x_popularity,0.8,0.8,1048,-4.334228515625,1.0,ELIGIBLE,0.04
A2,0.6992784380305603,gamma-bisection,0.01,B3_fragility_only,1.0,0.84,1048,-4.334228515625,1.0,ELIGIBLE,0.04
A2,0.6356112054329371,gamma-bisection,0.01,B4_CFHM,0.8,0.8,1048,-4.334228515625,1.0,ELIGIBLE,0.04
A1,0.4569827931172469,gamma-bisection,0.01,B1_in_degree,0.3,0.36,1049,-4.423095703125,1.0,ELIGIBLE,0.04004807692307692
A1,0.36074429771908767,gamma-bisection,0.01,B2_age_x_popularity,0.2,0.2,1049,-4.423095703125,1.0,ELIGIBLE,0.04004807692307692
A1,0.8582432973189277,gamma-bisection,0.01,B3_fragility_only,1.0,1.0,1049,-4.423095703125,1.0,ELIGIBLE,0.04004807692307692
A1,0.7680072028811524,gamma-bisection,0.01,B4_CFHM,1.0,0.96,1049,-4.423095703125,1.0,ELIGIBLE,0.04004807692307692
A2,0.5079999999999999,gamma-bisection,0.01,B1_in_degree,0.7,0.6,1049,-4.320556640625,1.0,ELIGIBLE,0.03995192307692308
A2,0.4488533333333333,gamma-bisection,0.01,B2_age_x_popularity,0.5,0.48,1049,-4.320556640625,1.0,ELIGIBLE,0.03995192307692308
A2,0.6836266666666667,gamma-bisection,0.01,B3_fragility_only,0.9,0.88,1049,-4.320556640625,1.0,ELIGIBLE,0.03995192307692308
A2,0.56416,gamma-bisection,0.01,B4_CFHM,0.8,0.8,1049,-4.320556640625,1.0,ELIGIBLE,0.03995192307692308
