seed,arm,lambda_1,cfhm_taus,b3_taus,cfhm_mean_tau,b3_mean_tau,cfhm_gate,b3_gate
1000,A1,0.01,"[0.23165829145728645, 0.15919597989949746, 0.04814070351758794, 0.1344723618090452, 0.07527638190954773, 0.11125628140703517, 0.04462311557788944, 0.07829145728643215, 0.14603015075376885, 0.07688442211055276]","[0.28874371859296477, 0.22623115577889444, 0.24994974874371859, 0.22110552763819094, 0.2952763819095477, 0.28432160804020096, 0.2573869346733668, 0.2908542713567839, 0.25437185929648237, 0.22120603015075374]",0.1105829145728643,0.2589447236180904,False,False
1000,A2,0.01,"[0.09226130653266332, -0.052462311557788945, 0.1093467336683417, -0.017587939698492462, 0.10160804020100501, 0.07206030150753769, 0.08552763819095477, 0.06241206030150754, 0.01608040201005025, 0.046432160804020094]","[0.1514572864321608, 0.09276381909547737, 0.05909547738693467, 0.07668341708542713, 0.11316582914572863, 0.06472361809045225, 0.05266331658291457, 0.07386934673366834, 0.08673366834170854, 0.11788944723618089]",0.0515678391959798,0.0889045226130653,False,False
1001,A1,0.01,"[0.34281407035175876, 0.17537688442211052, 0.14834170854271356, 0.21839195979899495, 0.2829145728643216, 0.2526633165829146, 0.32914572864321606, 0.030653266331658293, 0.28201005025125625, 0.3796984924623115]","[0.34693467336683415, 0.40150753768844216, 0.4565829145728643, 0.4704522613065326, 0.4429145728643216, 0.4212060301507537, 0.4057286432160804, 0.4244221105527638, 0.3910552763819095, 0.4095477386934673]",0.2442010050251256,0.4170351758793969,False,False
1001,A2,0.01,"[0.1107537688442211, 0.053768844221105526, 0.24100502512562816, 0.23175879396984925, 0.25718592964824116, 0.22452261306532662, 0.2451256281407035, 0.18100502512562813, 0.16211055276381908, -0.015778894472361808]","[0.3323618090452261, 0.32904522613065323, 0.43427135678391954, 0.39195979899497485, 0.464321608040201, 0.4536683417085427, 0.3993969849246231, 0.3804020100502512, 0.3931658291457286, 0.3709547738693467]",0.1691457286432161,0.3949547738693467,False,False
1002,A1,0.01,"[0.07376884422110552, -0.02773869346733668, -0.00492462311557789, -0.03125628140703517, 0.10844221105527638, -0.03658291457286432, 0.05487437185929648, 0.008140703517587939, -0.02381909547738693, -0.00964824120603015]","[0.14603015075376885, 0.17115577889447234, 0.08160804020100502, 0.12331658291457287, 0.08402010050251256, 0.08633165829145728, 0.1164824120603015, 0.1015075376884422, 0.24311557788944724, 0.12261306532663317]",0.0111256281407035,0.1276180904522613,False,False
1002,A2,0.01,"[0.009346733668341708, -0.06190954773869346, -0.05728643216080402, 0.01557788944723618, 0.012663316582914572, 0.05055276381909547, -0.005527638190954773, 0.06351758793969849, -0.059597989949748735, 0.004221105527638191]","[0.08904522613065327, 0.047336683417085426, 0.035175879396984924, -0.004623115577889447, 0.07668341708542713, -0.006231155778894472, 0.12050251256281408, 0.05015075376884422, 0.001909547738693467, 0.037788944723618094]",-0.0028442211055276,0.0447738693467336,False,False
1003,A1,0.01,"[-0.06271356783919597, 0.0033165829145728643, 0.0692462311557789, -0.019999999999999997, 0.02281407035175879, -0.023919597989949744, 0.15748743718592964, 0.07889447236180903, -0.009045226130653266, 0.025125628140703515]","[0.09135678391959798, 0.17417085427135678, 0.09839195979899497, 0.08452261306532663, 0.10482412060301506, 0.084321608040201, 0.17618090452261306, 0.07035175879396985, 0.0007035175879396985, 0.046432160804020094]",0.0241206030150753,0.0931256281407035,False,False
1003,A2,0.01,"[0.04844221105527638, 0.07658291457286431, 0.02603015075376884, 0.03819095477386934, -0.01608040201005025, 0.05417085427135678, 0.0714572864321608, 0.029648241206030147, -0.022110552763819093, -0.0005025125628140703]","[0.1671356783919598, 0.018190954773869346, 0.03527638190954773, 0.12552763819095478, 0.06180904522613064, 0.09407035175879397, 0.1971859296482412, 0.04271356783919598, 0.09809045226130653, 0.13728643216080402]",0.0305829145728643,0.0977286432160804,False,False
1004,A1,0.01,"[-0.04974874371859296, -0.07467336683417085, 0.08331658291457286, 0.1677386934673367, -0.06743718592964824, 0.09306532663316583, 0.04050251256281407, 0.09869346733668341, 0.042914572864321605, 0.011959798994974872]","[-0.0735678391959799, 0.04743718592964824, 0.014874371859296482, 0.025125628140703515, 0.03939698492462312, -0.007236180904522612, -0.07537688442211055, 0.09447236180904522, -0.01135678391959799, 0.0801005025125628]",0.0346331658291457,0.0133869346733668,False,False
1004,A2,0.01,"[-0.0771859296482412, 0.05758793969849246, -0.05889447236180904, 0.03608040201005025, -0.06482412060301507, 0.044422110552763815, -0.026130653266331655, 0.05035175879396985, -0.04844221105527638, -0.035477386934673366]","[0.0815075376884422, 0.021909547738693465, 0.09638190954773868, 0.0822110552763819, 0.01638190954773869, 0.09306532663316583, -0.027336683417085426, -0.056582914572864317, 0.057788944723618084, 0.058693467336683416]",-0.012251256281407,0.0424020100502512,False,False
1005,A1,0.01,"[-0.053266331658291456, -0.006231155778894472, 0.0, 0.019999999999999997, 0.08050251256281407, 0.01678391959798995, -0.0013065326633165827, 0.020402010050251256, 0.008040201005025125, 0.12492462311557789]","[0.26060301507537686, 0.21879396984924623, 0.24864321608040196, 0.23688442211055274, 0.2596984924623115, 0.27547738693467333, 0.27055276381909543, 0.2516582914572864, 0.24964824120603016, 0.3147738693467336]",0.0209849246231155,0.2586733668341708,False,False
1005,A2,0.01,"[0.06311557788944723, -0.003115577889447236, 0.02522613065326633, -0.1392964824120603, 0.047537688442211054, 0.07055276381909546, 0.02201005025125628, 0.014271356783919597, -0.08793969849246232, 0.07226130653266331]","[0.2349748743718593, 0.041608040201005024, 0.19206030150753767, 0.2578894472361809, 0.13768844221105528, 0.08944723618090451, 0.15557788944723616, 0.1371859296482412, 0.09497487437185928, 0.11266331658291456]",0.0084623115577889,0.1454070351758793,False,False
1006,A1,0.01,"[-0.02452261306532663, -0.06050251256281407, 0.05507537688442211, 0.01608040201005025, 0.10271356783919597, 0.11547738693467334, -0.0678391959798995, 0.021407035175879396, 0.007035175879396984, 0.022412060301507535]","[0.08522613065326633, 0.12231155778894472, 0.22331658291457285, 0.06824120603015076, 0.13105527638190953, 0.1164824120603015, 0.09899497487437185, 0.11748743718592965, 0.12241206030150753, 0.1258291457286432]",0.0187336683417085,0.1211356783919597,False,False
1006,A2,0.01,"[-0.05276381909547738, -0.07407035175879396, -0.04914572864321608, 0.051155778894472356, 0.05035175879396985, -0.03346733668341708, -0.004221105527638191, 0.060201005025125626, 0.08713567839195979, 0.05798994974874372]","[0.07587939698492462, 0.03195979899497488, 0.05587939698492462, 0.08331658291457286, 0.0992964824120603, 0.17979899497487437, 0.040100502512562815, 0.023216080402010047, 0.04542713567839196, 0.10552763819095476]",0.0093165829145728,0.0740402010050251,False,False
1007,A1,0.01,"[0.21135678391959797, 0.29115577889447236, 0.34954773869346734, 0.30542713567839197, 0.24010050251256282, 0.2969849246231156, 0.2402010050251256, 0.28432160804020096, 0.31437185929648237, 0.22532663316582913]","[0.17396984924623113, 0.12532663316582915, 0.1407035175879397, 0.18231155778894473, 0.3108542713567839, 0.2991959798994975, 0.21256281407035174, 0.20824120603015073, 0.2991959798994975, 0.18090452261306533]",0.2758793969849246,0.2133266331658291,False,False
1007,A2,0.01,"[0.29286432160804016, 0.250251256281407, 0.23899497487437185, 0.24894472361809045, 0.22984924623115577, 0.20603015075376882, 0.2795979899497487, 0.2250251256281407, 0.30683417085427134, 0.2591959798994975]","[0.019899497487437183, 0.09678391959798995, 0.029045226130653266, 0.03628140703517588, 0.040603015075376885, 0.06452261306532663, 0.08261306532663316, 0.09688442211055276, 0.09326633165829146, -0.008341708542713568]",0.2537587939698492,0.0551557788944723,False,False
1008,A1,0.01,"[0.05638190954773869, 0.006231155778894472, -0.019396984924623113, -0.015477386934673366, 0.029748743718592964, -0.024321608040201004, 0.05798994974874372, -0.01587939698492462, 0.025829145728643213, -0.00693467336683417]","[0.11537688442211055, 0.06884422110552764, 0.03939698492462312, 0.06341708542713567, 0.034673366834170855, 0.04221105527638191, 0.05949748743718593, 0.029346733668341708, 0.06824120603015076, 0.13195979899497487]",0.0094170854271356,0.0652964824120602,False,False
1008,A2,0.01,"[-0.023618090452261306, -0.03638190954773869, 0.036984924623115575, 0.07457286432160803, 0.06150753768844221, -0.021608040201005024, -0.001608040201005025, -0.001507537688442211, -0.09125628140703516, -0.008341708542713568]","[0.09256281407035176, 0.06733668341708542, 0.12432160804020098, 0.09778894472361808, 0.0864321608040201, 0.1287437185929648, 0.03366834170854271, 0.025427135678391957, 0.17185929648241205, 0.07929648241206029]",-0.0011256281407035,0.0907437185929648,False,False
1009,A1,0.01,"[-0.02864321608040201, -0.019396984924623113, 0.004824120603015075, -0.00693467336683417, 0.03939698492462312, -0.026834170854271353, 0.05467336683417085, 0.0578894472361809, 0.039296482412060296, 0.044723618090452257]","[-0.10693467336683415, -0.03095477386934673, 0.04371859296482412, -0.025125628140703515, -0.03236180904522613, 0.07296482412060301, -0.002814070351758794, 0.004422110552763819, 0.11517587939698493, -0.03296482412060301]",0.0158994974874371,0.0005125628140703,False,False
1009,A2,0.01,"[-0.050653266331658287, -0.06824120603015076, -0.05597989949748743, -0.011256281407035176, 0.03376884422110553, -0.03758793969849246, 0.05266331658291457, 0.0850251256281407, -0.061105527638190944, -0.0192964824120603]","[0.08874371859296482, -0.044924623115577884, -0.0010050251256281406, 0.030552763819095472, 0.009447236180904523, -0.05929648241206029, 0.03095477386934673, -0.07547738693467336, 0.06442211055276381, 0.022512562814070353]",-0.0132663316582914,0.0065929648241206,False,False
1010,A1,0.01,"[0.21376884422110554, 0.07587939698492462, 0.10753768844221105, 0.16261306532663317, 0.10984924623115577, 0.10723618090452261, 0.1335678391959799, 0.10241206030150753, 0.04954773869346733, 0.13366834170854272]","[0.09949748743718592, 0.1164824120603015, -0.01597989949748744, 0.1051256281407035, 0.07748743718592964, 0.08130653266331658, 0.12542713567839195, 0.11487437185929647, 0.0128643216080402, 0.09758793969849246]",0.119608040201005,0.081467336683417,False,False
1010,A2,0.01,"[0.20391959798994974, 0.05236180904522613, 0.1678391959798995, 0.06170854271356784, 0.09306532663316583, 0.10914572864321608, 0.10241206030150753, 0.1121608040201005, 0.07386934673366834, 0.06402010050251256]","[-0.002010050251256281, -0.044924623115577884, 0.09316582914572863, 0.07698492462311558, -0.0033165829145728643, -0.030552763819095472, -0.001909547738693467, 0.05758793969849246, 0.03758793969849246, -0.018693467336683416]",0.1040502512562814,0.0163919597989949,False,False
1011,A1,0.01,"[0.37567839195979896, 0.2685427135678392, 0.34854271356783917, 0.3366834170854271, 0.2607035175879397, 0.35708542713567837, 0.32422110552763816, 0.2971859296482412, 0.32170854271356786, 0.13889447236180902]","[0.4903517587939698, 0.4923618090452261, 0.501608040201005, 0.48050251256281407, 0.5111557788944723, 0.465427135678392, 0.496180904522613, 0.4171859296482412, 0.5044221105527638, 0.5149748743718592]",0.3029246231155779,0.4874170854271355,False,False
1011,A2,0.01,"[0.09447236180904522, 0.20944723618090452, 0.305929648241206, 0.13376884422110552, 0.09949748743718592, 0.15989949748743718, 0.24542713567839197, 0.22914572864321608, 0.18291457286432158, 0.21447236180904522]","[0.3882412060301507, 0.41135678391959796, 0.43417085427135677, 0.39839195979899494, 0.384824120603015, 0.4453266331658291, 0.43266331658291457, 0.425929648241206, 0.385929648241206, 0.3850251256281407]",0.1874974874371859,0.4091859296482412,False,False
1012,A1,0.01,"[0.10633165829145728, -0.007437185929648241, -0.05487437185929648, -0.010552763819095477, 0.027839195979899495, -0.001608040201005025, 0.058391959798994975, 0.07597989949748743, 0.11427135678391959, 0.024824120603015074]","[0.2821105527638191, 0.0128643216080402, 0.02894472361809045, 0.18030150753768845, 0.1894472361809045, 0.15135678391959798, 0.1029145728643216, 0.13376884422110552, 0.21909547738693466, 0.22211055276381908]",0.0333165829145728,0.1522914572864321,False,False
1012,A2,0.01,"[0.030050251256281406, 0.0636180904522613, 0.0026130653266331653, -0.048341708542713566, 0.1651256281407035, 0.06834170854271356, 0.07035175879396985, 0.006532663316582914, 0.14090452261306532, -0.0025125628140703514]","[0.11879396984924623, 0.14120603015075375, 0.16984924623115577, 0.10130653266331657, 0.04824120603015075, 0.07316582914572864, 0.1514572864321608, 0.0864321608040201, 0.010954773869346733, 0.018693467336683416]",0.0496683417085427,0.0920100502512562,False,False
1013,A1,0.01,"[0.1349748743718593, 0.22492462311557787, 0.15889447236180904, 0.14261306532663315, 0.15407035175879397, 0.02150753768844221, 0.1664321608040201, 0.2209045226130653, 0.16140703517587937, 0.05175879396984925]","[0.08462311557788944, 0.002914572864321608, 0.06351758793969849, 0.09175879396984923, -0.043417085427135675, 0.03608040201005025, 0.061306532663316586, 0.03376884422110553, 0.017386934673366834, 0.08914572864321607]",0.1437487437185929,0.0437085427135678,False,False
1013,A2,0.01,"[0.11125628140703517, 0.1537688442211055, 0.0964824120603015, 0.12743718592964823, 0.16170854271356783, 0.18452261306532663, 0.1186934673366834, 0.09567839195979898, 0.1593969849246231, 0.13628140703517588]","[0.047336683417085426, 0.024120603015075376, 0.09396984924623115, 0.08261306532663316, 0.05276381909547738, 0.0685427135678392, 0.0578894472361809, 0.1379899497487437, 0.09055276381909547, 0.00793969849246231]",0.1345226130653266,0.0663718592964824,False,False
1014,A1,0.01,"[0.15889447236180904, 0.15809045226130652, -0.02824120603015075, 0.13105527638190953, 0.09437185929648241, 0.15035175879396984, 0.18462311557788944, 0.013065326633165827, 0.15497487437185928, 0.2002010050251256]","[0.3007035175879397, 0.24190954773869341, 0.22964824120603014, 0.3098492462311558, 0.23407035175879395, 0.27628140703517584, 0.22552763819095475, 0.20673366834170853, 0.24683417085427137, 0.225929648241206]",0.1217386934673366,0.2497487437185929,False,False
1014,A2,0.01,"[0.12623115577889446, -0.006130653266331658, 0.04321608040201005, -0.09597989949748743, 0.09296482412060302, -0.020804020100502512, 0.1292462311557789, 0.04713567839195979, 0.09467336683417085, -0.03366834170854271]","[0.3395979899497487, 0.34763819095477383, 0.39859296482412054, 0.40261306532663316, 0.4084422110552764, 0.33015075376884423, 0.3532663316582914, 0.36743718592964825, 0.3796984924623115, 0.4586934673366834]",0.0376884422110552,0.3786130653266332,False,False
1015,A1,0.01,"[-0.0013065326633165827, -0.01597989949748744, 0.034572864321608034, -0.05266331658291457, 0.013768844221105527, -0.03346733668341708, 0.0023115577889447235, 0.0024120603015075374, 0.05969849246231155, 0.027638190954773868]","[0.07587939698492462, 0.0672361809045226, 0.048341708542713566, 0.0815075376884422, 0.036180904522613064, 0.05407035175879397, 0.11246231155778894, 0.08180904522613064, 0.0743718592964824, 0.07316582914572864]",0.0036984924623115,0.070502512562814,False,False
1015,A2,0.01,"[0.08321608040201005, -0.022412060301507535, 0.03829145728643216, 0.02150753768844221, 0.012562814070351758, 0.02603015075376884, 0.02301507537688442, 0.051959798994974875, 0.044522613065326636, -0.05879396984924623]","[0.022211055276381907, 0.051155778894472356, 0.06753768844221106, 0.09266331658291457, 0.10683417085427135, 0.0321608040201005, 0.023618090452261306, -0.008944723618090452, 0.052462311557788945, 0.046733668341708536]",0.0219899497487437,0.048643216080402,False,False
1016,A1,0.01,"[0.06241206030150754, 0.12703517587939697, 0.0786934673366834, 0.056783919597989944, 0.027537688442211054, 0.1417085427135678, 0.08040201005025124, 0.09206030150753768, 0.0528643216080402, 0.030653266331658293]","[0.06341708542713567, 0.21035175879396983, 0.18743718592964823, 0.1907537688442211, 0.18462311557788944, 0.19417085427135675, 0.1830150753768844, 0.09155778894472362, 0.14201005025125626, 0.1334673366834171]",0.0750150753768844,0.1580804020100502,False,False
1016,A2,0.01,"[0.08030150753768844, 0.10854271356783919, 0.11276381909547738, 0.061105527638190944, 0.15688442211055276, -0.0021105527638190956, 0.0778894472361809, 0.045728643216080396, 0.1334673366834171, 0.061206030150753765]","[0.09326633165829146, -0.010452261306532661, 0.14522613065326634, 0.12261306532663317, 0.11386934673366834, 0.1193969849246231, 0.12844221105527637, 0.17829145728643214, 0.1265326633165829, 0.16120603015075377]",0.0835778894472361,0.1178391959798994,False,False
1017,A1,0.01,"[0.041809045226130645, -0.009246231155778894, 0.05055276381909547, 0.0543718592964824, 0.04331658291457286, 0.030753768844221104, -0.020301507537688442, 0.04301507537688442, 0.06954773869346734, 0.03447236180904523]","[0.21949748743718592, 0.20633165829145728, 0.1649246231155779, 0.20994974874371858, 0.10321608040201005, 0.19276381909547735, 0.11025125628140703, 0.1050251256281407, 0.18492462311557786, 0.14532663316582914]",0.0338291457286432,0.1642211055276382,False,False
1017,A2,0.01,"[0.0743718592964824, 0.021608040201005024, 0.06271356783919597, -0.07628140703517589, -0.010351758793969849, -0.051959798994974875, -0.05798994974874372, -0.06251256281407035, 0.037989949748743715, 0.06753768844221106]","[0.0822110552763819, -0.025527638190954775, -0.025929648241206027, 0.08100502512562814, 0.09145728643216079, 0.058693467336683416, 0.02381909547738693, 0.0009045226130653265, 0.05417085427135678, 0.03537688442211055]",0.0005125628140703,0.0376180904522613,False,False
1018,A1,0.01,"[0.2088442211055276, 0.21376884422110554, 0.19346733668341706, 0.104321608040201, 0.1879396984924623, 0.29889447236180905, 0.09819095477386934, 0.18030150753768845, 0.144321608040201, -0.03246231155778894]","[0.11467336683417086, 0.006130653266331658, 0.06773869346733667, 0.07206030150753769, 0.04462311557788944, 0.07105527638190955, -0.02100502512562814, 0.10371859296482411, 0.22924623115577888, -0.03226130653266331]",0.1597587939698492,0.0655979899497487,False,False
1018,A2,0.01,"[0.22130653266331657, 0.22472361809045227, 0.1687437185929648, 0.09889447236180904, 0.04201005025125628, 0.22020100502512563, 0.20100502512562812, 0.1164824120603015, 0.13527638190954772, 0.22331658291457285]","[0.1107537688442211, 0.10130653266331657, 0.15547738693467336, 0.0764824120603015, 0.059597989949748735, 0.04371859296482412, 0.14542713567839194, 0.06422110552763818, 0.027638190954773868, 0.1300502512562814]",0.1651959798994974,0.091467336683417,False,False
1019,A1,0.01,"[-0.027035175879396984, 0.01336683417085427, -0.021105527638190954, -0.03396984924623115, -0.07708542713567838, 0.025125628140703515, -0.014773869346733668, 0.00010050251256281406, 0.039798994974874366, -0.026231155778894472]","[0.014773869346733668, 0.0708542713567839, 0.06894472361809045, 0.10060301507537688, -0.05989949748743719, 0.07165829145728643, 0.02673366834170854, 0.05597989949748743, -0.029648241206030147, 0.12934673366834168]",-0.012180904522613,0.0449346733668341,False,False
1019,A2,0.01,"[-0.01638190954773869, 0.08271356783919598, 0.036984924623115575, -0.057085427135678386, 0.017185929648241203, -0.06733668341708542, -0.04371859296482412, -0.010954773869346733, 0.03376884422110553, 0.02472361809045226]","[0.04301507537688442, -0.024120603015075376, 0.006331658291457286, 0.04613065326633166, 0.07517587939698492, 0.06904522613065325, 0.01587939698492462, 0.07658291457286431, 0.0500502512562814, 0.14964824120603015]",-1.00502512562807e-05,0.0507738693467336,False,False
1020,A1,0.01,"[0.08402010050251256, -0.03115577889447236, 0.14592964824120602, 0.04251256281407035, 0.056582914572864317, 0.06814070351758794, 0.010552763819095477, 0.0786934673366834, 0.016884422110552764, 0.14532663316582914]","[0.18814070351758794, 0.12341708542713568, 0.13517587939698492, 0.15778894472361807, 0.04301507537688442, 0.2277386934673367, 0.2222110552763819, 0.16582914572864318, 0.08582914572864321, 0.17055276381909548]",0.0617487437185929,0.1519698492462311,False,False
1020,A2,0.01,"[0.0672361809045226, 0.0714572864321608, 0.07065326633165829, 0.05105527638190955, 0.04351758793969849, 0.02201005025125628, 0.04824120603015075, 0.0628140703517588, 0.020804020100502512, 0.024824120603015074]","[0.027236180904522612, 0.10020100502512562, 0.01236180904522613, 0.112964824120603, 0.04040201005025125, 0.08492462311557789, 0.023216080402010047, 0.08381909547738693, 0.04894472361809045, 0.05497487437185929]",0.0482613065326633,0.0589045226130653,False,False
1021,A1,0.01,"[0.06773869346733667, 0.07537688442211055, 0.08884422110552763, -0.008844221105527638, 0.13537688442211054, 0.0571859296482412, 0.061105527638190944, 0.11266331658291456, 0.08663316582914572, 0.13889447236180902]","[0.0750753768844221, 0.1565829145728643, 0.0636180904522613, 0.10884422110552763, 0.15829145728643215, 0.08090452261306533, 0.11658291457286432, 0.07457286432160803, 0.033065326633165824, 0.05909547738693467]",0.0814974874371859,0.0926633165829145,False,False
1021,A2,0.01,"[0.13386934673366832, -0.01135678391959799, 0.034974874371859296, 0.05989949748743719, 0.03919597989949749, 0.018894472361809047, 0.02522613065326633, 0.030351758793969844, 0.13879396984924622, 0.07527638190954773]","[0.07778894472361808, 0.10954773869346733, 0.11718592964824119, 0.13638190954773868, 0.15527638190954773, 0.16100502512562814, 0.20512562814070348, 0.20814070351758793, 0.19999999999999998, 0.14603015075376885]",0.0545125628140703,0.1516482412060301,False,False
1022,A1,0.01,"[0.08713567839195979, 0.05608040201005025, 0.07276381909547738, 0.12040201005025125, 0.0628140703517588, 0.0006030150753768844, 0.3052261306532663, 0.11356783919597989, 0.25547738693467337, 0.2685427135678392]","[0.48502512562814065, 0.4440201005025125, 0.4523618090452261, 0.4407035175879397, 0.44542713567839193, 0.4914572864321608, 0.4014070351758794, 0.42170854271356784, 0.4275376884422111, 0.4073366834170854]",0.1342613065326633,0.4416984924623115,False,False
1022,A2,0.01,"[0.0578894472361809, 0.16542713567839196, 0.15185929648241206, 0.1370854271356784, 0.003919597989949748, -0.011457286432160802, 0.029547738693467336, 0.09668341708542713, 0.030552763819095472, 0.09025125628140702]","[0.22120603015075374, 0.23145728643216082, 0.28412060301507536, 0.34130653266331656, 0.304321608040201, 0.29628140703517586, 0.3042211055276382, 0.28643216080402006, 0.29909547738693465, 0.337286432160804]",0.0751758793969849,0.290572864321608,False,False
1023,A1,0.01,"[0.29758793969849245, 0.16502512562814067, 0.20914572864321607, 0.07407035175879396, 0.18904522613065328, 0.31226130653266326, 0.19477386934673366, 0.2709547738693467, 0.08402010050251256, 0.3073366834170854]","[0.5231155778894472, 0.5042211055276382, 0.5094472361809045, 0.4894472361809045, 0.5319597989949748, 0.4849246231155778, 0.4950753768844221, 0.4914572864321608, 0.5017085427135678, 0.5245226130653265]",0.2104221105527638,0.5055879396984924,False,True
1023,A2,0.01,"[0.11457286432160804, 0.11276381909547738, 0.11728643216080402, 0.2229145728643216, 0.2278391959798995, 0.03276381909547738, 0.25206030150753767, -0.001909547738693467, 0.07758793969849245, 0.08291457286432159]","[0.47738693467336685, 0.4697487437185929, 0.3743718592964824, 0.42763819095477384, 0.43668341708542713, 0.42211055276381904, 0.4954773869346733, 0.41829145728643213, 0.41939698492462313, 0.4531658291457286]",0.1238793969849246,0.439427135678392,False,False
1024,A1,0.01,"[-0.08904522613065327, -0.04693467336683416, 0.12713567839195977, -0.020201005025125625, -0.00040201005025125624, 0.012663316582914572, 0.0743718592964824, 0.054271356783919596, 0.08562814070351758, 0.03889447236180904]","[0.2575879396984925, 0.29266331658291456, 0.17618090452261306, 0.19929648241206027, 0.11336683417085426, 0.2115577889447236, 0.24994974874371859, 0.26281407035175874, 0.1757788944723618, 0.15487437185929645]",0.0236381909547738,0.2094070351758793,False,False
1024,A2,0.01,"[-0.022613065326633167, 0.0971859296482412, 0.06341708542713567, 0.016180904522613063, 0.05296482412060301, 0.022613065326633167, 0.09989949748743718, -0.022512562814070353, -0.050854271356783914, 0.006130653266331658]","[0.1935678391959799, 0.19768844221105528, 0.20623115577889445, 0.2115577889447236, 0.16452261306532662, 0.14371859296482412, 0.19638190954773868, 0.18180904522613062, 0.21889447236180903, 0.2071356783919598]",0.0262412060301507,0.1921507537688442,False,False
1025,A1,0.01,"[0.14904522613065324, 0.27065326633165826, 0.18381909547738692, 0.17658291457286432, 0.2293467336683417, 0.2056281407035176, 0.27668341708542715, 0.24964824120603016, 0.31226130653266326, 0.2363819095477387]","[0.2625125628140703, 0.2650251256281407, 0.23175879396984925, 0.23929648241206028, 0.2552763819095477, 0.2700502512562814, 0.3137688442211055, 0.3543718592964824, 0.19829145728643216, 0.2741708542713568]",0.2290050251256281,0.26645226130653266,False,False
1025,A2,0.01,"[0.02603015075376884, 0.3069346733668341, 0.11477386934673364, 0.16522613065326633, 0.08653266331658291, 0.2116582914572864, 0.1014070351758794, 0.1515577889447236, 0.20351758793969849, 0.17306532663316582]","[0.15698492462311558, 0.208643216080402, 0.1550753768844221, 0.09316582914572863, 0.15979899497487438, 0.11849246231155777, 0.19999999999999998, 0.2672361809045226, 0.161608040201005, 0.15527638190954773]",0.15407035175879397,0.16762814070351756,False,False
1026,A1,0.01,"[-0.04663316582914573, -0.029849246231155774, 0.11859296482412059, 0.0006030150753768844, 0.1358793969849246, 0.015778894472361808, -0.10592964824120601, -0.00020100502512562812, -0.04331658291457286, 0.09688442211055276]","[0.08954773869346733, 0.1335678391959799, 0.1263316582914573, 0.05487437185929648, 0.06814070351758794, 0.07386934673366834, 0.02884422110552764, 0.07487437185929648, 0.15557788944723616, 0.1699497487437186]",0.014180904522613063,0.09755778894472361,False,False
1026,A2,0.01,"[-0.030351758793969844, 0.11155778894472361, -0.037989949748743715, -0.00321608040201005, -0.016884422110552764, -0.05507537688442211, 0.07457286432160803, 0.043919597989949745, -0.027035175879396984, 0.019999999999999997]","[0.07688442211055276, 0.11015075376884421, 0.16693467336683415, 0.14331658291457286, 0.12050251256281408, 0.128643216080402, 0.15859296482412058, 0.061206030150753765, 0.11487437185929647, 0.17025125628140703]",0.007949748743718593,0.1251356783919598,False,False
1027,A1,0.01,"[0.09758793969849246, 0.1314572864321608, 0.29758793969849245, 0.1384924623115578, 0.312964824120603, 0.28110552763819097, 0.24693467336683414, 0.24552763819095474, 0.24743718592964822, 0.1673366834170854]","[0.30472361809045223, 0.32060301507537686, 0.30482412060301506, 0.24773869346733665, 0.34673366834170855, 0.2672361809045226, 0.2955778894472362, 0.29778894472361805, 0.3353768844221105, 0.3186934673366834]",0.216643216080402,0.303929648241206,False,False
1027,A2,0.01,"[0.06904522613065325, 0.16934673366834171, 0.05045226130653266, 0.09346733668341707, 0.21658291457286433, 0.10110552763819095, 0.14844221105527636, 0.22331658291457285, 0.20311557788944723, 0.14492462311557788]","[0.20984924623115578, 0.13949748743718593, 0.22824120603015075, 0.11567839195979898, 0.15708542713567838, 0.1714572864321608, 0.16944723618090451, 0.15557788944723616, 0.1629145728643216, 0.20150753768844218]",0.1419798994974874,0.17112562814070348,False,False
1028,A1,0.01,"[0.18261306532663316, 0.056281407035175875, 0.12542713567839195, 0.10653266331658291, 0.056783919597989944, 0.06633165829145728, -0.003115577889447236, -0.005728643216080401, 0.23628140703517583, 0.008341708542713568]","[0.21376884422110554, 0.16703517587939698, 0.1264321608040201, 0.09527638190954772, 0.19286432160804018, 0.14462311557788943, 0.1429145728643216, 0.16623115577889447, 0.20291457286432157, 0.09768844221105527]",0.08297487437185928,0.1549748743718593,False,False
1028,A2,0.01,"[0.002814070351758794, 0.08301507537688442, 0.00964824120603015, 0.0700502512562814, -0.009246231155778894, 0.08522613065326633, 0.046733668341708536, -0.023517587939698492, -0.007035175879396984, -0.02824120603015075]","[0.02522613065326633, 0.0778894472361809, 0.11165829145728642, 0.09055276381909547, 0.08512562814070351, 0.22211055276381908, 0.11467336683417086, 0.06944723618090451, 0.11748743718592965, 0.031055276381909542]",0.022944723618090447,0.09452261306532664,False,False
1029,A1,0.01,"[0.06030150753768843, 0.012964824120603013, 0.03326633165829145, 0.03889447236180904, 0.0, 0.11748743718592965, 0.015075376884422108, 0.011959798994974872, -0.05336683417085427, 0.027236180904522612]","[0.38783919597989946, 0.2716582914572864, 0.31899497487437184, 0.28783919597989943, 0.32964824120603015, 0.37045226130653264, 0.31999999999999995, 0.3802010050251256, 0.2717587939698492, 0.3514572864321608]",0.02638190954773869,0.32898492462311557,False,False
1029,A2,0.01,"[-0.06351758793969849, 0.004120603015075376, 0.0700502512562814, 0.00040201005025125624, 0.0500502512562814, 0.09517587939698492, -0.05226130653266331, 0.026532663316582914, -0.0033165829145728643, -0.06010050251256281]","[0.3162814070351758, 0.29437185929648235, 0.31929648241206027, 0.33045226130653266, 0.32633165829145727, 0.3157788944723618, 0.2973869346733668, 0.3251256281407035, 0.32211055276381906, 0.3615075376884422]",0.006713567839195982,0.3208643216080401,False,False
1030,A1,0.01,"[0.16763819095477386, 0.005628140703517588, 0.1630150753768844, 0.20673366834170853, 0.16824120603015075, 0.08492462311557789, 0.14452261306532663, 0.14592964824120602, 0.11929648241206028, 0.1015075376884422]","[0.45688442211055275, 0.40482412060301504, 0.4653266331658291, 0.45407035175879396, 0.4296482412060301, 0.38190954773869346, 0.4381909547738693, 0.4817085427135678, 0.45608040201005023, 0.41216080402010047]",0.1307437185929648,0.4380804020100502,False,False
1030,A2,0.01,"[-0.03336683417085427, -0.061206030150753765, -0.10773869346733668, 0.032562814070351755, -0.03135678391959799, -0.08070351758793969, -0.10994974874371859, 0.06452261306532663, 0.215678391959799, 0.12231155778894472]","[0.4517587939698492, 0.3795979899497487, 0.34773869346733666, 0.31889447236180907, 0.39085427135678386, 0.35175879396984927, 0.3638190954773869, 0.38190954773869346, 0.4446231155778894, 0.378391959798995]",0.0010753768844221148,0.3809346733668342,False,False
1031,A1,0.01,"[0.09055276381909547, -0.003417085427135678, 0.013266331658291457, 0.004623115577889447, 0.035175879396984924, 0.06180904522613064, 0.09246231155778893, 0.05155778894472361, 0.044422110552763815, 0.10683417085427135]","[0.15527638190954773, 0.16482412060301507, 0.210251256281407, 0.11035175879396984, 0.17919597989949748, 0.12773869346733668, 0.13819095477386933, 0.13336683417085426, 0.1316582914572864, 0.23306532663316584]",0.04972864321608039,0.15839195979899495,False,False
1031,A2,0.01,"[-0.0003015075376884422, 0.05125628140703518, -0.046432160804020094, 0.059396984924623114, -0.02381909547738693, 0.005527638190954773, 0.02010050251256281, 0.026532663316582914, 0.0185929648241206, 0.056884422110552765]","[-0.017587939698492462, 0.07768844221105528, 0.13095477386934673, 0.0033165829145728643, 0.04783919597989949, 0.0371859296482412, 0.07246231155778894, 0.01236180904522613, 0.09216080402010049, 0.046432160804020094]",0.016773869346733673,0.05028140703517588,False,False
1032,A1,0.01,"[0.021407035175879396, -0.034371859296482406, -0.0037185929648241205, 0.03839195979899497, -0.007738693467336683, 0.003015075376884422, 0.013467336683417085, -0.005829145728643216, 0.020201005025125625, 0.04693467336683416]","[0.04331658291457286, 0.1407035175879397, 0.0543718592964824, 0.08974874371859297, 0.03919597989949749, 0.04894472361809045, 0.03366834170854271, 0.08613065326633165, 0.11155778894472361, 0.07889447236180903]",0.009175879396984924,0.07265326633165828,False,False
1032,A2,0.01,"[0.0821105527638191, 0.03889447236180904, 0.05487437185929648, 0.014974874371859298, 0.04914572864321608, -0.13457286432160803, 0.0128643216080402, 0.03226130653266331, -0.006834170854271356, -0.07949748743718593]","[0.1201005025125628, -0.02271356783919598, 0.10311557788944722, 0.014070351758793969, 0.04994974874371859, 0.07427135678391959, 0.01778894472361809, 0.05567839195979899, 0.053768844221105526, 0.007236180904522612]",0.006422110552763818,0.047326633165829135,False,False
1033,A1,0.01,"[0.01829145728643216, 0.07748743718592964, 0.12070351758793968, 0.03809045226130653, 0.15025125628140704, 0.09306532663316583, 0.08321608040201005, 0.04100502512562814, 0.11135678391959798, 0.11899497487437186]","[0.1808040201005025, 0.18160804020100502, 0.2817085427135678, 0.19567839195979897, 0.22211055276381908, 0.15768844221105527, 0.1709547738693467, 0.2143718592964824, 0.2524623115577889, 0.24241206030150755]",0.08524623115577888,0.20997989949748744,False,False
1033,A2,0.01,"[0.017989949748743714, 0.08783919597989949, 0.00984924623115578, 0.16100502512562814, 0.10402010050251255, 0.08341708542713568, -0.0064321608040201, -0.015175879396984922, 0.022412060301507535, -0.02773869346733668]","[0.09909547738693467, 0.01708542713567839, 0.1757788944723618, 0.2288442211055276, 0.08884422110552763, 0.15718592964824118, 0.11055276381909547, 0.04693467336683416, 0.1015075376884422, 0.0407035175879397]",0.04371859296482412,0.10665326633165831,False,False
1034,A1,0.01,"[0.02562814070351759, 0.04713567839195979, 0.013969849246231155, 0.03819095477386934, 0.014974874371859298, -0.024924623115577887, 0.10090452261306532, -0.005728643216080401, 0.07929648241206029, -0.0033165829145728643]","[0.11517587939698493, 0.12120603015075378, 0.02773869346733668, 0.13728643216080402, 0.00914572864321608, 0.12894472361809045, 0.08884422110552763, 0.09869346733668341, 0.10723618090452261, 0.18713567839195977]",0.028613065326633165,0.10214070351758793,False,False
1034,A2,0.01,"[0.044723618090452257, -0.010150753768844221, 0.04552763819095477, 0.029045226130653266, -0.11276381909547738, 0.07849246231155779, 0.002914572864321608, 0.11477386934673364, 0.10743718592964824, -0.05226130653266331]","[-0.027839195979899495, -0.012160804020100502, -0.021708542713567838, 0.020402010050251256, 0.03869346733668342, -0.07276381909547738, 0.01658291457286432, -0.03417085427135678, 0.029648241206030147, -0.0342713567839196]",0.024773869346733663,-0.009758793969849246,False,False
1035,A1,0.01,"[-0.09276381909547737, 0.0650251256281407, 0.07125628140703516, 0.06381909547738693, 0.007738693467336683, 0.03909547738693467, -0.002010050251256281, -0.026130653266331655, 0.056582914572864317, 0.05105527638190955]","[0.36633165829145725, 0.2294472361809045, 0.33045226130653266, 0.3392964824120603, 0.342713567839196, 0.30743718592964825, 0.3499497487437186, 0.4153768844221105, 0.3514572864321608, 0.38180904522613063]",0.02336683417085427,0.34142713567839195,False,False
1035,A2,0.01,"[0.027537688442211054, 0.014673366834170854, -0.015376884422110552, -0.058391959798994975, -0.0350753768844221, 0.011557788944723616, 0.0027135678391959797, 0.06402010050251256, -0.0009045226130653265, 0.024623115577889446]","[0.2646231155778894, 0.2192964824120603, 0.23668341708542712, 0.21879396984924623, 0.2577889447236181, 0.2106532663316583, 0.3193969849246231, 0.3698492462311557, 0.2710552763819095, 0.2370854271356784]",0.0035376884422110553,0.2605226130653266,False,False
1036,A1,0.01,"[0.09628140703517588, -0.037989949748743715, 0.040100502512562815, 0.15768844221105527, 0.05819095477386934, 0.04512562814070351, -0.00793969849246231, -0.004221105527638191, 0.06904522613065325, -0.0636180904522613]","[0.05597989949748743, 0.0578894472361809, 0.09597989949748743, 0.1893467336683417, 0.19497487437185929, 0.19678391959798994, 0.17326633165829144, 0.2692462311557789, 0.1673366834170854, 0.19909547738693467]",0.03526633165829145,0.15998994974874373,False,False
1036,A2,0.01,"[0.11055276381909547, 0.061005025125628144, -0.04080402010050251, 0.1058291457286432, 0.06683417085427136, -0.004623115577889447, 0.05889447236180904, 0.07407035175879396, -0.05758793969849246, 0.0771859296482412]","[0.08904522613065327, 0.04432160804020101, 0.10542713567839196, 0.10170854271356783, 0.11155778894472361, 0.041909547738693466, 0.024020100502512562, 0.13628140703517588, 0.04824120603015075, 0.020703517587939698]",0.045135678391959796,0.07232160804020099,False,False
1037,A1,0.01,"[0.0067336683417085425, 0.08492462311557789, 0.03407035175879397, 0.02562814070351759, -0.025427135678391957, 0.029648241206030147, -0.006030150753768844, 0.004221105527638191, 0.042613065326633164, 0.039597989949748745]","[0.38030150753768843, 0.36080402010050244, 0.33738693467336683, 0.28613065326633164, 0.32402010050251256, 0.3222110552763819, 0.3966834170854271, 0.33276381909547736, 0.325929648241206, 0.37899497487437184]",0.023597989949748745,0.3445226130653266,False,False
1037,A2,0.01,"[-0.0026130653266331653, 0.06562814070351758, 0.14050251256281407, -0.03587939698492462, 0.026231155778894472, 0.05798994974874372, 0.10130653266331657, -0.016683417085427137, 0.0250251256281407, -0.034673366834170855]","[0.3538693467336683, 0.3330653266331658, 0.2758793969849246, 0.32542713567839193, 0.34281407035175876, 0.24613065326633166, 0.3157788944723618, 0.33507537688442207, 0.32412060301507534, 0.28402010050251253]",0.03268341708542714,0.3136180904522613,False,False
1038,A1,0.01,"[0.21638190954773867, 0.1921608040201005, 0.03577889447236181, -0.019999999999999997, 0.13608040201005023, 0.20552763819095476, 0.22763819095477383, 0.18542713567839195, 0.15708542713567838, 0.27055276381909543]","[0.2450251256281407, 0.23577889447236178, 0.23557788944723615, 0.1536683417085427, 0.2491457286432161, 0.1700502512562814, 0.1957788944723618, 0.2277386934673367, 0.22854271356783917, 0.1777889447236181]",0.16066331658291455,0.21190954773869347,False,False
1038,A2,0.01,"[0.19145728643216078, 0.013768844221105527, 0.14804020100502513, 0.1795979899497487, 0.24693467336683414, 0.09306532663316583, 0.15809045226130652, 0.1728643216080402, 0.08291457286432159, 0.17829145728643214]","[0.16140703517587937, 0.14090452261306532, 0.21185929648241203, 0.1307537688442211, 0.1366834170854271, 0.0350753768844221, 0.24864321608040196, 0.1872361809045226, 0.20894472361809044, 0.16844221105527638]",0.14650251256281405,0.16299497487437184,False,False
1039,A1,0.01,"[0.11728643216080402, 0.04361809045226131, 0.06773869346733667, -0.01557788944723618, 0.06462311557788945, -0.052462311557788945, -0.021407035175879396, 0.059597989949748735, 0.02944723618090452, -0.00693467336683417]","[0.11557788944723617, 0.023417085427135678, 0.14592964824120602, 0.10673366834170854, 0.15045226130653264, 0.15547738693467336, 0.053969849246231154, 0.10381909547738692, 0.12291457286432159, 0.12402010050251255]",0.028592964824120597,0.11023115577889446,False,False
1039,A2,0.01,"[-0.012261306532663316, -0.042110552763819094, -0.03226130653266331, 0.014874371859296482, 0.05889447236180904, 0.0514572864321608, -0.008140703517587939, -0.05798994974874372, -0.011658291457286432, 0.020603015075376884]","[0.037788944723618094, -0.004723618090452262, 0.017889447236180904, -0.036984924623115575, 0.03135678391959799, 0.04844221105527638, 0.022110552763819093, 0.06512562814070351, -0.009045226130653266, 0.05768844221105528]",-0.0018592964824120626,0.022964824120603015,False,False
1040,A1,0.01,"[0.07105527638190955, 0.06864321608040201, -0.02693467336683417, -0.048341708542713566, 0.03246231155778894, 0.009748743718592964, 0.19929648241206027, -0.012160804020100502, 0.062211055276381905, 0.021407035175879396]","[0.20673366834170853, 0.2078391959798995, 0.19507537688442209, 0.18311557788944724, 0.271859296482412, 0.16703517587939698, 0.16904522613065326, 0.1677386934673367, 0.20824120603015073, 0.18874371859296482]",0.03773869346733668,0.19654271356783917,False,False
1040,A2,0.01,"[0.11115577889447235, 0.1592964824120603, -0.02301507537688442, 0.09276381909547737, 0.001809045226130653, 0.00693467336683417, 0.007336683417085427, -0.02884422110552764, 0.0628140703517588, 0.14402010050251254]","[0.16944723618090451, 0.1287437185929648, 0.1370854271356784, 0.1736683417085427, 0.12793969849246228, 0.22140703517587937, 0.2209045226130653, 0.14904522613065324, 0.11266331658291456, 0.16532663316582913]",0.053427135678391954,0.16062311557788944,False,False
1041,A1,0.01,"[0.06613065326633165, 0.018391959798994974, 0.05909547738693467, -0.0009045226130653265, 0.05206030150753768, 0.010251256281407035, 0.015477386934673366, -0.12954773869346733, -0.01678391959798995, 0.06160804020100502]","[0.3532663316582914, 0.22683417085427135, 0.10924623115577889, 0.14140703517587938, 0.17517587939698492, 0.21447236180904522, 0.16964824120603014, 0.16452261306532662, 0.12090452261306532, 0.21778894472361807]",0.01357788944723618,0.18932663316582915,False,False
1041,A2,0.01,"[0.014472361809045224, -0.03537688442211055, 0.13889447236180902, 0.010351758793969849, 0.005628140703517588, 0.008140703517587939, -0.007738693467336683, -0.015376884422110552, 0.0192964824120603, -0.016984924623115575]","[0.17296482412060302, 0.029748743718592964, -0.06251256281407035, 0.06030150753768843, 0.13597989949748743, 0.0507537688442211, 0.15487437185929645, 0.013266331658291457, -0.0257286432160804, 0.09497487437185928]",0.012130653266331656,0.06246231155778894,False,False
1042,A1,0.01,"[0.1858291457286432, 0.24442211055276378, 0.16170854271356783, 0.12974874371859296, 0.20060301507537687, 0.23758793969849246, 0.15497487437185928, 0.1201005025125628, 0.14422110552763817, 0.08482412060301507]","[0.3008040201005025, 0.2088442211055276, 0.17266331658291456, 0.271859296482412, 0.2557788944723618, 0.20542713567839194, 0.18291457286432158, 0.2264321608040201, 0.18904522613065328, 0.24341708542713567]",0.16640201005025126,0.22571859296482413,False,False
1042,A2,0.01,"[0.19839195979899496, 0.23517587939698492, 0.2658291457286432, 0.23517587939698492, 0.22281407035175876, 0.18522613065326632, 0.2157788944723618, 0.12140703517587938, 0.1749748743718593, 0.13839195979899496]","[0.18954773869346733, 0.1299497487437186, 0.17266331658291456, 0.20170854271356783, 0.14994974874371858, 0.13457286432160803, 0.04773869346733668, 0.168643216080402, 0.16120603015075377, 0.1587939698492462]",0.19931658291457285,0.15147738693467336,False,False
1043,A1,0.01,"[0.09497487437185928, -0.010653266331658291, 0.06381909547738693, 0.003517587939698492, -0.07467336683417085, 0.016281407035175877, 0.05638190954773869, 0.1015075376884422, 0.08030150753768844, 0.07497487437185929]","[0.0743718592964824, 0.14542713567839194, 0.13999999999999999, 0.12462311557788944, 0.10824120603015075, 0.02381909547738693, 0.14452261306532663, 0.16532663316582913, 0.05989949748743719, 0.02603015075376884]",0.04064321608040201,0.10122613065326631,False,False
1043,A2,0.01,"[-0.06150753768844221, -0.024824120603015074, 0.11427135678391959, 0.01386934673366834, -0.0006030150753768844, 0.08693467336683416, 0.09276381909547737, 0.0053266331658291454, -0.016281407035175877, 0.018894472361809047]","[-0.014773869346733668, 0.039999999999999994, 0.08974874371859297, 0.12613065326633166, 0.08231155778894472, 0.028442211055276383, 0.029045226130653266, 0.03989949748743719, 0.08723618090452262, -0.025829145728643213]",0.022884422110552763,0.04822110552763819,False,False
1044,A1,0.01,"[-0.0257286432160804, 0.10251256281407035, 0.10552763819095476, 0.161608040201005, 0.04864321608040201, 0.1493467336683417, -0.029949748743718595, 0.031557788944723615, 0.06633165829145728, 0.165929648241206]","[0.08743718592964823, 0.1330653266331658, 0.09547738693467336, -0.036180904522613064, 0.16140703517587937, 0.11226130653266331, -0.010854271356783919, 0.08472361809045226, 0.09185929648241206, -0.04793969849246231]",0.07757788944723618,0.06712562814070352,False,False
1044,A2,0.01,"[0.08100502512562814, 0.1657286432160804, 0.1578894472361809, 0.027035175879396984, 0.14683417085427133, 0.11678391959798995, 0.03537688442211055, 0.07959798994974873, 0.02894472361809045, 0.0672361809045226]","[0.08783919597989949, -0.002010050251256281, 0.021708542713567838, 0.09467336683417085, 0.09125628140703516, 0.008944723618090452, 0.008944723618090452, 0.04462311557788944, 0.0128643216080402, 0.08251256281407034]",0.090643216080402,0.045135678391959796,False,False
1045,A1,0.01,"[0.0735678391959799, 0.07346733668341708, -0.012060301507537688, -0.07095477386934673, -0.05738693467336682, 0.05829145728643216, 0.018492462311557788, 0.08100502512562814, -0.09145728643216079, 0.051155778894472356]","[0.2940703517587939, 0.2992964824120603, 0.3310552763819095, 0.3371859296482412, 0.3385929648241206, 0.26341708542713566, 0.24733668341708542, 0.3838190954773869, 0.3661306532663316, 0.3225125628140703]",0.012412060301507535,0.31834170854271354,False,False
1045,A2,0.01,"[-0.0007035175879396985, 0.11969849246231155, -0.07165829145728643, 0.056783919597989944, 0.030351758793969844, 0.09226130653266332, 0.08693467336683416, 0.12030150753768844, 0.03226130653266331, 0.004321608040201004]","[0.2976884422110553, 0.3128643216080402, 0.2779899497487437, 0.20542713567839194, 0.28673366834170855, 0.25407035175879394, 0.3085427135678392, 0.2868341708542713, 0.23035175879396985, 0.22140703517587937]",0.04705527638190954,0.2681909547738693,False,False
1046,A1,0.01,"[0.03628140703517588, -0.0850251256281407, 0.08532663316582914, -0.09487437185929648, 0.19346733668341706, 0.08522613065326633, -0.031557788944723615, 0.046231155778894466, 0.02743718592964824, 0.029949748743718595]","[0.14190954773869346, 0.013467336683417085, 0.07296482412060301, -0.01587939698492462, -0.004623115577889447, 0.04663316582914573, 0.04432160804020101, 0.07527638190954773, 0.11175879396984924, 0.09226130653266332]",0.02924623115577889,0.05780904522613065,False,False
1046,A2,0.01,"[0.011758793969849246, 0.03185929648241206, -0.04381909547738693, 0.01638190954773869, 0.020703517587939698, -0.030251256281407034, 0.019396984924623113, -0.06492462311557788, 0.018693467336683416, 0.032060301507537685]","[0.1100502512562814, 0.013969849246231155, 0.09427135678391958, 0.07296482412060301, 0.09005025125628141, -0.021708542713567838, 0.1415075376884422, 0.09829145728643215, 0.13246231155778893, 0.19477386934673366]",0.001185929648241206,0.09266331658291457,False,False
1047,A1,0.01,"[0.13467336683417083, 0.10884422110552763, 0.01969849246231156, 0.00592964824120603, 0.05809045226130653, 0.018492462311557788, -0.029547738693467336, 0.08231155778894472, -0.05125628140703518, 0.08371859296482412]","[0.2674371859296482, 0.27537688442211056, 0.26904522613065324, 0.23065326633165828, 0.16412060301507536, 0.16683417085427135, 0.25336683417085426, 0.24442211055276378, 0.24653266331658288, 0.24994974874371859]",0.043095477386934665,0.23677386934673367,False,False
1047,A2,0.01,"[-0.1078391959798995, 0.06864321608040201, 0.0064321608040201, 0.041407035175879396, 0.05467336683417085, 0.054773869346733665, 0.033869346733668336, 0.008844221105527638, 0.04321608040201005, -0.018894472361809047]","[0.11206030150753768, 0.07226130653266331, -0.013969849246231155, 0.07819095477386934, 0.13125628140703516, 0.14773869346733667, 0.02562814070351759, 0.1143718592964824, 0.02010050251256281, 0.08130653266331658]",0.01851256281407035,0.07689447236180905,False,False
1048,A1,0.01,"[0.2695477386934673, 0.414572864321608, 0.17849246231155777, 0.2030150753768844, 0.21587939698492462, 0.23718592964824117, 0.42552763819095474, 0.2959798994974874, 0.2064321608040201, 0.285929648241206]","[0.22924623115577888, 0.19889447236180904, 0.24733668341708542, 0.2584924623115578, 0.2636180904522613, 0.18733668341708543, 0.24683417085427137, 0.24763819095477385, 0.18180904522613062, 0.23718592964824117]",0.2732562814070352,0.2298391959798995,False,False
1048,A2,0.01,"[0.17206030150753768, 0.13628140703517588, 0.11105527638190954, 0.2665326633165829, 0.20251256281407035, 0.15819095477386935, 0.2922613065326633, 0.12793969849246228, 0.19688442211055276, 0.19768844221105528]","[0.2143718592964824, 0.18562814070351757, 0.18170854271356784, 0.17658291457286432, 0.17447236180904524, 0.19929648241206027, 0.19145728643216078, 0.1771859296482412, 0.20854271356783918, 0.20603015075376882]",0.18614070351758794,0.19152763819095475,False,False
1049,A1,0.01,"[0.018492462311557788, -0.03115577889447236, -0.029547738693467336, -0.030552763819095472, 0.03537688442211055, 0.027537688442211054, -0.015075376884422108, -0.07125628140703516, -0.02693467336683417, -0.015075376884422108]","[0.07527638190954773, 0.0033165829145728643, 0.10653266331658291, 0.09236180904522612, 0.11798994974874372, 0.012261306532663316, 0.08814070351758793, 0.12341708542713568, 0.06914572864321607, 0.02894472361809045]",-0.013819095477386934,0.07173869346733668,False,False
1049,A2,0.01,"[0.04040201005025125, 0.005527638190954773, 0.04954773869346733, 0.08060301507537689, 0.046432160804020094, 0.10130653266331657, 0.003819095477386934, 0.04562814070351758, 0.09537688442211055, 0.027236180904522612]","[0.03939698492462312, 0.12271356783919599, 0.015678391959798994, 0.12814070351758794, 0.05989949748743719, 0.04603015075376884, -0.049849246231155775, -0.03758793969849246, 0.0012060301507537687, 0.020402010050251256]",0.04958793969849246,0.034603015075376886,False,False
