seed,arm,lambda_1,validation_nll_final
1000,A1,0.0001,0.608815075377745
1000,A1,0.001,0.6088150308198969
1000,A1,0.01,0.6088146003342721
1000,A2,0.0001,0.6078655376852458
1000,A2,0.001,0.6078654989603532
1000,A2,0.01,0.6078651239174602
1001,A1,0.0001,0.6561145989929792
1001,A1,0.001,0.6561145688623489
1001,A1,0.01,0.6561142814097618
1001,A2,0.0001,0.6618894778934876
1001,A2,0.001,0.6618894496011299
1001,A2,0.01,0.6618891769867961
1002,A1,0.0001,0.6687558015169606
1002,A1,0.001,0.6687557627258296
1002,A1,0.01,0.6687553842620673
1002,A2,0.0001,0.6708871994190079
1002,A2,0.001,0.6708871565077111
1002,A2,0.01,0.670886737542734
1003,A1,0.0001,0.5572798319351859
1003,A1,0.001,0.5572798048050565
1003,A1,0.01,0.5572795415823258
1003,A2,0.0001,0.5549157716085286
1003,A2,0.001,0.5549157429747945
1003,A2,0.01,0.554915466313578
1004,A1,0.0001,0.6328416252326718
1004,A1,0.001,0.6328415818812496
1004,A1,0.01,0.6328411580666747
1004,A2,0.0001,0.6176523719900288
1004,A2,0.001,0.6176523404797758
1004,A2,0.01,0.6176520320765866
1005,A1,0.0001,0.6983934862988614
1005,A1,0.001,0.6983934516095752
1005,A1,0.01,0.6983931148399599
1005,A2,0.0001,0.6953476395751351
1005,A2,0.001,0.6953476116582211
1005,A2,0.01,0.6953473402712265
1006,A1,0.0001,0.6923697881400029
1006,A1,0.001,0.6923697559323465
1006,A1,0.01,0.6923694427151279
1006,A2,0.0001,0.6922451768863184
1006,A2,0.001,0.6922451447344644
1006,A2,0.01,0.6922448325909553
1007,A1,0.0001,0.6555412779372696
1007,A1,0.001,0.6555412373677852
1007,A1,0.01,0.6555408425349326
1007,A2,0.0001,0.6552079855415659
1007,A2,0.001,0.6552079513459018
1007,A2,0.01,0.6552076178167282
1008,A1,0.0001,0.7116659900716692
1008,A1,0.001,0.7116659474606829
1008,A1,0.01,0.7116655321661849
1008,A2,0.0001,0.7127427197887919
1008,A2,0.001,0.7127426832749076
1008,A2,0.01,0.7127423264703019
1009,A1,0.0001,0.6476802276444652
1009,A1,0.001,0.6476801827747055
1009,A1,0.01,0.6476797442361886
1009,A2,0.0001,0.6346813602032055
1009,A2,0.001,0.634681323783377
1009,A2,0.01,0.634680969855712
1010,A1,0.0001,0.559031127357121
1010,A1,0.001,0.559031085657988
1010,A1,0.01,0.5590306781425977
1010,A2,0.0001,0.5602031247502594
1010,A2,0.001,0.5602030712682179
1010,A2,0.01,0.560202552385813
1011,A1,0.0001,0.6182135762625823
1011,A1,0.001,0.6182135344810508
1011,A1,0.01,0.6182131377673379
1011,A2,0.0001,0.6181773230802322
1011,A2,0.001,0.6181772922971172
1011,A2,0.01,0.6181769943275203
1012,A1,0.0001,0.6118893306385045
1012,A1,0.001,0.6118892950758998
1012,A1,0.01,0.6118889497255824
1012,A2,0.0001,0.605817577214114
1012,A2,0.001,0.6058175469616831
1012,A2,0.01,0.6058172527331611
1013,A1,0.0001,0.5015630783575201
1013,A1,0.001,0.5015630194472372
1013,A1,0.01,0.5015624461252345
1013,A2,0.0001,0.4941248730219403
1013,A2,0.001,0.494124816397002
1013,A2,0.01,0.4941242671580606
1014,A1,0.0001,0.712231818888769
1014,A1,0.001,0.7122317858189252
1014,A1,0.01,0.7122314667711441
1014,A2,0.0001,0.7130688914967392
1014,A2,0.001,0.7130688573756481
1014,A2,0.01,0.7130685275867966
1015,A1,0.0001,0.5864538613092255
1015,A1,0.001,0.586453824963772
1015,A1,0.01,0.5864534716616385
1015,A2,0.0001,0.5821390430248385
1015,A2,0.001,0.5821390070429987
1015,A2,0.01,0.5821386579540733
1016,A1,0.0001,0.514760064760255
1016,A1,0.001,0.5147600043592298
1016,A1,0.01,0.5147594210331449
1016,A2,0.0001,0.5077473345334944
1016,A2,0.001,0.5077472854816301
1016,A2,0.01,0.5077468129629292
1017,A1,0.0001,0.599629894118433
1017,A1,0.001,0.5996298538104605
1017,A1,0.01,0.5996294624979702
1017,A2,0.0001,0.603066249104117
1017,A2,0.001,0.6030662066813417
1017,A2,0.01,0.6030657958583074
1018,A1,0.0001,0.6606584389240502
1018,A1,0.001,0.6606583978673838
1018,A1,0.01,0.660657996859275
1018,A2,0.0001,0.6616871196076963
1018,A2,0.001,0.6616870734714732
1018,A2,0.01,0.6616866245355038
1019,A1,0.0001,0.5852270945396241
1019,A1,0.001,0.5852270480908134
1019,A1,0.01,0.5852265958385432
1019,A2,0.0001,0.5800960280135009
1019,A2,0.001,0.5800959825424434
1019,A2,0.01,0.5800955412922842
1020,A1,0.0001,0.7392926088102367
1020,A1,0.001,0.7392925804614524
1020,A1,0.01,0.7392923045353235
1020,A2,0.0001,0.7362622815521656
1020,A2,0.001,0.7362622524612829
1020,A2,0.01,0.73626196961301
1021,A1,0.0001,0.5348591487169267
1021,A1,0.001,0.5348590948794456
1021,A1,0.01,0.5348585734884206
1021,A2,0.0001,0.5275807846498688
1021,A2,0.001,0.5275807325070624
1021,A2,0.01,0.5275802276947795
1022,A1,0.0001,0.6187386585092067
1022,A1,0.001,0.6187386177097453
1022,A1,0.01,0.6187382277837532
1022,A2,0.0001,0.6202429322161076
1022,A2,0.001,0.6202428890389358
1022,A2,0.01,0.6202424743508899
1023,A1,0.0001,0.5468960423846493
1023,A1,0.001,0.5468960028935309
1023,A1,0.01,0.5468956257435138
1023,A2,0.0001,0.5581554555960947
1023,A2,0.001,0.5581553963622017
1023,A2,0.01,0.5581548304610758
1024,A1,0.0001,0.671566372859484
1024,A1,0.001,0.6715663429069656
1024,A1,0.01,0.671566052044305
1024,A2,0.0001,0.6725367627187449
1024,A2,0.001,0.6725367291387204
1024,A2,0.01,0.6725364033919954
1025,A1,0.0001,0.6481184647073849
1025,A1,0.001,0.6481184343377485
1025,A1,0.01,0.6481181403192581
1025,A2,0.0001,0.6534012169081842
1025,A2,0.001,0.6534011809305443
1025,A2,0.01,0.6534008329787266
1026,A1,0.0001,0.7129825798821529
1026,A1,0.001,0.7129825396396064
1026,A1,0.01,0.7129821456994638
1026,A2,0.0001,0.705968622741938
1026,A2,0.001,0.7059685800858823
1026,A2,0.01,0.7059681644038704
1027,A1,0.0001,0.5896371989964364
1027,A1,0.001,0.5896371472495828
1027,A1,0.01,0.5896366505218679
1027,A2,0.0001,0.5857422568181029
1027,A2,0.001,0.5857422162840122
1027,A2,0.01,0.5857418251058693
1028,A1,0.0001,0.5739249787154344
1028,A1,0.001,0.5739249316473963
1028,A1,0.01,0.5739244754802563
1028,A2,0.0001,0.5800576252946826
1028,A2,0.001,0.5800575655195375
1028,A2,0.01,0.5800569876309886
1029,A1,0.0001,0.6399928894876367
1029,A1,0.001,0.6399928548876023
1029,A1,0.01,0.6399925246145698
1029,A2,0.0001,0.6410044471456675
1029,A2,0.001,0.6410044174250819
1029,A2,0.01,0.641004129882767
1030,A1,0.0001,0.6561271395282544
1030,A1,0.001,0.6561271031175037
1030,A1,0.01,0.6561267557230315
1030,A2,0.0001,0.6586920538960145
1030,A2,0.001,0.6586920230044568
1030,A2,0.01,0.6586917244609778
1031,A1,0.0001,0.5614826470859972
1031,A1,0.001,0.561482602346264
1031,A1,0.01,0.5614821699469201
1031,A2,0.0001,0.5728468936218429
1031,A2,0.001,0.57284683184425
1031,A2,0.01,0.5728462382659691
1032,A1,0.0001,0.6596110153661852
1032,A1,0.001,0.6596109780189723
1032,A1,0.01,0.6596106142234377
1032,A2,0.0001,0.6593804800627926
1032,A2,0.001,0.6593804392875574
1032,A2,0.01,0.6593800431865959
1033,A1,0.0001,0.6593692192920195
1033,A1,0.001,0.6593691837668212
1033,A1,0.01,0.6593688403158509
1033,A2,0.0001,0.6644002998612819
1033,A2,0.001,0.6644002616235265
1033,A2,0.01,0.6643998911763864
1034,A1,0.0001,0.6238028120188255
1034,A1,0.001,0.62380277019468
1034,A1,0.01,0.6238023631633417
1034,A2,0.0001,0.6277053848349947
1034,A2,0.001,0.62770533280064
1034,A2,0.01,0.6277048290446658
1035,A1,0.0001,0.6193649662024064
1035,A1,0.001,0.6193649093969238
1035,A1,0.01,0.619364353787547
1035,A2,0.0001,0.6008202468954128
1035,A2,0.001,0.6008202042926818
1035,A2,0.01,0.6008197888223968
1036,A1,0.0001,0.7082677004157328
1036,A1,0.001,0.7082676698414011
1036,A1,0.01,0.7082673720452285
1036,A2,0.0001,0.7114982264882979
1036,A2,0.001,0.7114981898561864
1036,A2,0.01,0.7114978338080893
1037,A1,0.0001,0.6089762455333922
1037,A1,0.001,0.6089762104021478
1037,A1,0.01,0.6089758733325953
1037,A2,0.0001,0.618154093689976
1037,A2,0.001,0.6181540473187911
1037,A2,0.01,0.6181536035907749
1038,A1,0.0001,0.5871342699440113
1038,A1,0.001,0.5871342146425405
1038,A1,0.01,0.5871336797074969
1038,A2,0.0001,0.5842068855695762
1038,A2,0.001,0.584206838370117
1038,A2,0.01,0.5842063807391766
1039,A1,0.0001,0.6319627896786117
1039,A1,0.001,0.6319627456270827
1039,A1,0.01,0.6319623158627279
1039,A2,0.0001,0.6226194321857451
1039,A2,0.001,0.6226193935746617
1039,A2,0.01,0.6226190179127761
1040,A1,0.0001,0.7867679770059508
1040,A1,0.001,0.7867679463085687
1040,A1,0.01,0.7867676485868287
1040,A2,0.0001,0.7899730722552941
1040,A2,0.001,0.7899730388375515
1040,A2,0.01,0.7899727149823565
1041,A1,0.0001,0.6829105546667463
1041,A1,0.001,0.6829105254196925
1041,A1,0.01,0.682910240780935
1041,A2,0.0001,0.6855167116931524
1041,A2,0.001,0.6855166753420422
1041,A2,0.01,0.6855163234769985
1042,A1,0.0001,0.6186807814423884
1042,A1,0.001,0.6186807413168034
1042,A1,0.01,0.6186803563555264
1042,A2,0.0001,0.6198923879556318
1042,A2,0.001,0.619892348361134
1042,A2,0.01,0.6198919663861197
1043,A1,0.0001,0.565555748092283
1043,A1,0.001,0.5655557036729036
1043,A1,0.01,0.5655552723998283
1043,A2,0.0001,0.5587772720817107
1043,A2,0.001,0.5587772402952768
1043,A2,0.01,0.5587769309869351
1044,A1,0.0001,0.6309365723065098
1044,A1,0.001,0.6309365193182906
1044,A1,0.01,0.6309360029187455
1044,A2,0.0001,0.6253222492855569
1044,A2,0.001,0.6253221979508717
1044,A2,0.01,0.625321699520643
1045,A1,0.0001,0.6656545433674526
1045,A1,0.001,0.6656545145054323
1045,A1,0.01,0.6656542354146424
1045,A2,0.0001,0.6705464236779283
1045,A2,0.001,0.6705463878320751
1045,A2,0.01,0.6705460413422407
1046,A1,0.0001,0.5509368470525636
1046,A1,0.001,0.5509367938416465
1046,A1,0.01,0.550936276578805
1046,A2,0.0001,0.5425994005020445
1046,A2,0.001,0.542599355967878
1046,A2,0.01,0.5425989235659079
1047,A1,0.0001,0.5626566261816254
1047,A1,0.001,0.5626565790761849
1047,A1,0.01,0.5626561235271739
1047,A2,0.0001,0.5618238777295818
1047,A2,0.001,0.561823829102219
1047,A2,0.01,0.5618233574229016
1048,A1,0.0001,0.5673238602944743
1048,A1,0.001,0.5673238084285346
1048,A1,0.01,0.5673233119055759
1048,A2,0.0001,0.5706234697753957
1048,A2,0.001,0.5706234219913788
1048,A2,0.01,0.5706229615537406
1049,A1,0.0001,0.7349763306354958
1049,A1,0.001,0.7349762979385542
1049,A1,0.01,0.7349759781424278
1049,A2,0.0001,0.7322037386198215
1049,A2,0.001,0.7322037030635545
1049,A2,0.01,0.7322033563433764
