seed,arm,variant,p_at_25,S_major,S_minor,S_advisory,spearman_rho
1000,A1,V-REFIT,0.72,0.016286008171011557,0.016285802691637867,0.016285407525629885,0.33333333333333337
1000,A1,V-A0,0.72,,,,
1000,A1,V-ORAC,0.96,0.01795088455349315,0.017950731988971656,0.017390361603242765,0.5797509043642028
1000,A1,V-B3R,0.92,,,,
1000,A2,V-REFIT,0.68,0.016286579456825427,0.01628656954388021,0.016286499458644653,-0.19999999999999998
1000,A2,V-A0,0.68,,,,
1000,A2,V-ORAC,1.0,0.016828966816767807,0.017388215675839445,0.016829640327303934,0.05270462766947299
1000,A2,V-B3R,0.96,,,,
1001,A1,V-REFIT,0.84,0.016282744643487404,0.016282551723280265,0.016282145806465777,0.06666666666666667
1001,A1,V-A0,0.84,,,,
1001,A1,V-ORAC,0.96,0.01738951052111153,0.01795005077445863,0.017389657261697018,0.05270462766947299
1001,A1,V-B3R,0.96,,,,
1001,A2,V-REFIT,0.72,0.016283679183254157,0.016283580189698575,0.01628322862541696,-0.2833333333333333
1001,A2,V-A0,0.72,,,,
1001,A2,V-ORAC,0.84,0.016828388608901127,0.017389816546241228,0.01683048885962706,0.10540925533894598
1001,A2,V-B3R,0.92,,,,
1002,A1,V-REFIT,0.56,0.01628779747645872,0.016287628168343525,0.01628802503892911,-0.7
1002,A1,V-A0,0.56,,,,
1002,A1,V-ORAC,0.96,0.017389857496290153,0.017947773481234185,0.017389775091649674,0.10540925533894598
1002,A1,V-B3R,0.96,,,,
1002,A2,V-REFIT,0.52,0.016287799951412312,0.016287899704677995,0.016287801685332462,-0.65
1002,A2,V-A0,0.52,,,,
1002,A2,V-ORAC,0.96,0.017385423716399135,0.01794550363818655,0.017390151329226736,-0.10540925533894598
1002,A2,V-B3R,0.92,,,,
1003,A1,V-REFIT,0.72,0.01628156213214739,0.016281840141321773,0.01628153570963413,-0.5
1003,A1,V-A0,0.72,,,,
1003,A1,V-ORAC,0.88,0.017390381229370925,0.01795061097552921,0.01738943225323614,0.15811388300841894
1003,A1,V-B3R,0.88,,,,
1003,A2,V-REFIT,0.64,0.01628121236122345,0.016282118934972133,0.016281787010109888,-0.65
1003,A2,V-A0,0.6,,,,
1003,A2,V-ORAC,0.88,0.017390764461034568,0.017946887997096594,0.01739072323687505,0.05270462766947299
1003,A2,V-B3R,0.68,,,,
1004,A1,V-REFIT,0.36,0.016289101937647658,0.016288348427288216,0.016287844660242117,0.5666666666666667
1004,A1,V-A0,0.4,,,,
1004,A1,V-ORAC,1.0,0.017950452835044393,0.017950026055629124,0.017390126228996848,0.5797509043642028
1004,A1,V-B3R,1.0,,,,
1004,A2,V-REFIT,0.44,0.016288480882306874,0.01628869524435713,0.016288295250321112,-0.25
1004,A2,V-A0,0.44,,,,
1004,A2,V-ORAC,0.84,0.01739118269463773,0.017950561385643087,0.017947050521746184,0.10540925533894598
1004,A2,V-B3R,0.8,,,,
1005,A1,V-REFIT,0.96,0.016283964741623955,0.01628426440336987,0.01628450090123852,-0.9666666666666667
1005,A1,V-A0,0.96,,,,
1005,A1,V-ORAC,0.96,0.017387208777273535,0.01794260275555809,0.01738824662580816,0.05270462766947299
1005,A1,V-B3R,0.96,,,,
1005,A2,V-REFIT,0.64,0.016284832271790565,0.016285113846988775,0.016285046973974725,-0.8166666666666667
1005,A2,V-A0,0.6,,,,
1005,A2,V-ORAC,0.84,0.0173882419905694,0.01793677237404445,0.017390005528035136,0.05270462766947299
1005,A2,V-B3R,0.76,,,,
1006,A1,V-REFIT,0.88,0.016283161604028845,0.01628332040722462,0.016281913349683833,0.11666666666666665
1006,A1,V-A0,0.96,,,,
1006,A1,V-ORAC,0.96,0.01739025450629212,0.01794917192582653,0.017389677258694156,0.21081851067789195
1006,A1,V-B3R,1.0,,,,
1006,A2,V-REFIT,0.8,0.01628352174622013,0.016283922140855743,0.01628305206169518,-0.016666666666666666
1006,A2,V-A0,0.84,,,,
1006,A2,V-ORAC,0.92,0.017388734753848355,0.017938554217403674,0.017390244228155282,0.05270462766947299
1006,A2,V-B3R,0.92,,,,
1007,A1,V-REFIT,1.0,0.016286362322459235,0.016286995893424784,0.01628653447291466,-0.5333333333333333
1007,A1,V-A0,1.0,,,,
1007,A1,V-ORAC,1.0,0.017390303493250037,0.01795008939546685,0.01739041839460951,0.05270462766947299
1007,A1,V-B3R,1.0,,,,
1007,A2,V-REFIT,0.72,0.016286517043345182,0.016286997176825545,0.01628643338326653,-0.31666666666666665
1007,A2,V-A0,0.76,,,,
1007,A2,V-ORAC,1.0,0.016830516125401346,0.017388885835535738,0.017368026186501698,-0.15811388300841894
1007,A2,V-B3R,0.84,,,,
1008,A1,V-REFIT,0.92,0.016285179346155504,0.016285568784136856,0.016285608133875414,-0.9166666666666666
1008,A1,V-A0,0.92,,,,
1008,A1,V-ORAC,0.96,0.017382959530152044,0.017949747595008572,0.017389942448963493,0.10540925533894598
1008,A1,V-B3R,0.88,,,,
1008,A2,V-REFIT,0.84,0.016285442511336866,0.016285776985759358,0.016286044693757808,-0.9333333333333332
1008,A2,V-A0,0.84,,,,
1008,A2,V-ORAC,0.88,0.017390312831494514,0.017385730130424014,0.01738933717178716,0.15811388300841894
1008,A2,V-B3R,0.92,,,,
1009,A1,V-REFIT,0.92,0.01628739867742147,0.016287532563064595,0.016287530981361233,-0.6833333333333333
1009,A1,V-A0,0.92,,,,
1009,A1,V-ORAC,0.92,0.01739040748897628,0.01794851609893989,0.017390062891767505,0.15811388300841894
1009,A1,V-B3R,0.8,,,,
1009,A2,V-REFIT,0.84,0.01628721497448347,0.016287422099478685,0.016287427805656007,-0.75
1009,A2,V-A0,0.84,,,,
1009,A2,V-ORAC,0.8,0.017391234579589757,0.017950444661175124,0.017391021251649028,-0.05270462766947299
1009,A2,V-B3R,0.88,,,,
1010,A1,V-REFIT,0.8,0.016287318900815827,0.01628778966353215,0.01628736502151285,-0.5833333333333334
1010,A1,V-A0,0.8,,,,
1010,A1,V-ORAC,0.88,0.01739053512445258,0.017949878650886344,0.01738997935184504,0.21081851067789195
1010,A1,V-B3R,0.92,,,,
1010,A2,V-REFIT,0.44,0.016287266361234065,0.016287342523705818,0.01628705594718797,-0.5666666666666667
1010,A2,V-A0,0.4,,,,
1010,A2,V-ORAC,0.88,0.017391143993545976,0.01794871859704136,0.01739119268631394,-0.05270462766947299
1010,A2,V-B3R,0.88,,,,
1011,A1,V-REFIT,0.88,0.016282523530251638,0.01628373364368428,0.01628298157946497,-0.6
1011,A1,V-A0,0.84,,,,
1011,A1,V-ORAC,1.0,0.017388765481309618,0.017949112091408072,0.017389831211404028,0.10540925533894598
1011,A1,V-B3R,1.0,,,,
1011,A2,V-REFIT,0.88,0.01628347559864829,0.016284482725893102,0.016284859676122972,-0.8666666666666667
1011,A2,V-A0,0.84,,,,
1011,A2,V-ORAC,1.0,0.0168302342915579,0.017389698161950552,0.016830069520471433,0.05270462766947299
1011,A2,V-B3R,1.0,,,,
1012,A1,V-REFIT,0.68,0.016284497229495452,0.016284391749683123,0.01628407642320991,0.06666666666666667
1012,A1,V-A0,0.68,,,,
1012,A1,V-ORAC,0.96,0.017390223885410304,0.017949568670225548,0.017389869121005444,0.10540925533894598
1012,A1,V-B3R,0.88,,,,
1012,A2,V-REFIT,0.64,0.016284310227140775,0.016284475958266872,0.016284190800772272,-0.43333333333333335
1012,A2,V-A0,0.64,,,,
1012,A2,V-ORAC,0.88,0.016829202443558514,0.017390253102556374,0.017388769799786482,-0.10540925533894598
1012,A2,V-B3R,0.84,,,,
1013,A1,V-REFIT,0.68,0.016291813748094932,0.016291942504846894,0.016291624096324675,-0.5833333333333334
1013,A1,V-A0,0.8,,,,
1013,A1,V-ORAC,0.96,0.017390465189773684,0.017950236064308147,0.017389464293721044,0.15811388300841894
1013,A1,V-B3R,0.96,,,,
1013,A2,V-REFIT,0.72,0.016291486955369694,0.01629189504517342,0.01629147772741954,-0.6666666666666667
1013,A2,V-A0,0.76,,,,
1013,A2,V-ORAC,0.88,0.017390668318097734,0.017949964083039914,0.017390749456311364,-0.05270462766947299
1013,A2,V-B3R,0.84,,,,
1014,A1,V-REFIT,0.52,0.016283287154001895,0.016283685086496535,0.016282916111004384,-0.26666666666666666
1014,A1,V-A0,0.52,,,,
1014,A1,V-ORAC,1.0,0.017386859587835334,0.017387713908928563,0.017372587366040616,0.15811388300841894
1014,A1,V-B3R,1.0,,,,
1014,A2,V-REFIT,0.44,0.016283852029633346,0.016284323428971632,0.016283494913950383,-0.26666666666666666
1014,A2,V-A0,0.48,,,,
1014,A2,V-ORAC,0.96,0.017389569606708698,0.01738934796770764,0.017390470842948143,-0.05270462766947299
1014,A2,V-B3R,0.92,,,,
1015,A1,V-REFIT,0.6,0.016283440945520405,0.01628390918422679,0.016284229532742688,-0.9
1015,A1,V-A0,0.56,,,,
1015,A1,V-ORAC,1.0,0.017390332761510176,0.01738928909837818,0.017388994846498924,0.15811388300841894
1015,A1,V-B3R,1.0,,,,
1015,A2,V-REFIT,0.52,0.01628402805409669,0.01628457155887734,0.016284948516740925,-0.9
1015,A2,V-A0,0.56,,,,
1015,A2,V-ORAC,0.96,0.01683116035599541,0.017390304437127982,0.016830100212412984,0.10540925533894598
1015,A2,V-B3R,0.96,,,,
1016,A1,V-REFIT,0.92,0.016290497991746703,0.016290973311309947,0.016290850124141068,-0.7833333333333333
1016,A1,V-A0,0.88,,,,
1016,A1,V-ORAC,0.96,0.017390245614173197,0.01794930306123507,0.01738996351598079,0.15811388300841894
1016,A1,V-B3R,0.96,,,,
1016,A2,V-REFIT,0.72,0.01629007264545554,0.01629068422416729,0.016291060971440008,-0.9500000000000001
1016,A2,V-A0,0.76,,,,
1016,A2,V-ORAC,1.0,0.01738941244989773,0.01739024285041184,0.017390084017479268,-0.05270462766947299
1016,A2,V-B3R,0.92,,,,
1017,A1,V-REFIT,0.64,0.01628638436174577,0.01628653533835385,0.01628565876676225,-0.09999999999999999
1017,A1,V-A0,0.6,,,,
1017,A1,V-ORAC,0.88,0.017890216301046438,0.017950472298644524,0.01739038815081829,0.15811388300841894
1017,A1,V-B3R,0.88,,,,
1017,A2,V-REFIT,0.68,0.016286182629691566,0.016286230013857962,0.016285516232110477,-0.09999999999999999
1017,A2,V-A0,0.64,,,,
1017,A2,V-ORAC,0.92,0.01683107337097883,0.017387581581491472,0.01683049927398917,0.15811388300841894
1017,A2,V-B3R,0.92,,,,
1018,A1,V-REFIT,0.68,0.016285709942815287,0.016285910256071214,0.0162856565042677,-0.2333333333333333
1018,A1,V-A0,0.72,,,,
1018,A1,V-ORAC,0.96,0.01739047438763005,0.017950165381788667,0.01739053564147569,0.10540925533894598
1018,A1,V-B3R,1.0,,,,
1018,A2,V-REFIT,0.68,0.01628527994008634,0.016285471616649345,0.016285705543498015,-0.8666666666666667
1018,A2,V-A0,0.72,,,,
1018,A2,V-ORAC,0.88,0.017391002221809816,0.017948971985105613,0.01739118578060473,-0.10540925533894598
1018,A2,V-B3R,0.76,,,,
1019,A1,V-REFIT,0.48,0.016287053515844196,0.016287426930450884,0.016287785578305715,-0.9166666666666666
1019,A1,V-A0,0.48,,,,
1019,A1,V-ORAC,0.96,0.017944926575074824,0.01795042308711838,0.017948007445401294,0.10540925533894598
1019,A1,V-B3R,0.84,,,,
1019,A2,V-REFIT,0.6,0.016286982686404973,0.016287355501673442,0.01628757153873301,-0.8666666666666667
1019,A2,V-A0,0.56,,,,
1019,A2,V-ORAC,0.88,0.017391039912938208,0.01794896038502823,0.01739100865375603,0.05270462766947299
1019,A2,V-B3R,0.8,,,,
1020,A1,V-REFIT,0.48,0.016281783099239402,0.016282119976294772,0.016282910863802187,-0.9
1020,A1,V-A0,0.44,,,,
1020,A1,V-ORAC,0.88,0.01794851285142795,0.017950012862469215,0.01738996616460551,0.2635231383473649
1020,A1,V-B3R,0.88,,,,
1020,A2,V-REFIT,0.2,0.016282210894358377,0.016282645376738777,0.01628315781322901,-0.9
1020,A2,V-A0,0.2,,,,
1020,A2,V-ORAC,0.88,0.017390615740430097,0.0173884947292589,0.017390710191235406,-0.05270462766947299
1020,A2,V-B3R,0.96,,,,
1021,A1,V-REFIT,0.56,0.01629114961755162,0.01629176186261508,0.016291591921080983,-0.7833333333333333
1021,A1,V-A0,0.48,,,,
1021,A1,V-ORAC,0.92,0.017390460490255992,0.017950337998493986,0.01738978174333089,0.15811388300841894
1021,A1,V-B3R,0.88,,,,
1021,A2,V-REFIT,0.64,0.016291016248611827,0.016291969269965813,0.01629158199313352,-0.7666666666666667
1021,A2,V-A0,0.64,,,,
1021,A2,V-ORAC,0.96,0.016827578143886877,0.017389896276291058,0.01738985937244917,-0.21081851067789195
1021,A2,V-B3R,0.88,,,,
1022,A1,V-REFIT,0.76,0.016285219066412726,0.01628578547387833,0.016285474968602137,-0.7833333333333333
1022,A1,V-A0,0.76,,,,
1022,A1,V-ORAC,1.0,0.017390307355128073,0.01738903734397628,0.01739022349197626,0.15811388300841894
1022,A1,V-B3R,0.88,,,,
1022,A2,V-REFIT,0.88,0.016286152797296085,0.016286715330883057,0.01628662066939221,-0.8666666666666667
1022,A2,V-A0,0.88,,,,
1022,A2,V-ORAC,0.88,0.017373902804733037,0.01738893302774187,0.016824818279327507,0.3689323936863109
1022,A2,V-B3R,0.92,,,,
1023,A1,V-REFIT,0.8,0.016287063204173436,0.016287336913368814,0.01628691406719638,-0.5666666666666667
1023,A1,V-A0,0.92,,,,
1023,A1,V-ORAC,0.96,0.017389763672491818,0.01751327121550235,0.017388966639433293,0.10540925533894598
1023,A1,V-B3R,0.96,,,,
1023,A2,V-REFIT,0.72,0.01628891175189006,0.01628900948585093,0.016288622328253947,-0.5666666666666667
1023,A2,V-A0,0.72,,,,
1023,A2,V-ORAC,0.96,0.016830436712053476,0.01738636678723334,0.016830521000789005,-0.05270462766947299
1023,A2,V-B3R,0.96,,,,
1024,A1,V-REFIT,0.68,0.01628315593218485,0.016283360320472253,0.016283378173931683,-0.9166666666666666
1024,A1,V-A0,0.68,,,,
1024,A1,V-ORAC,0.88,0.01738936385353812,0.017389511274932365,0.017389249145835724,0.10540925533894598
1024,A1,V-B3R,0.92,,,,
1024,A2,V-REFIT,0.6,0.016283560444961823,0.01628375799371546,0.01628389443603487,-0.8833333333333333
1024,A2,V-A0,0.56,,,,
1024,A2,V-ORAC,0.8,0.01735573906237385,0.017388165873837222,0.017390415325357678,-0.10540925533894598
1024,A2,V-B3R,0.92,,,,
1025,A1,V-REFIT,0.8,0.01628334371332414,0.01628398107741821,0.01628370968037117,-0.31666666666666665
1025,A1,V-A0,0.8,,,,
1025,A1,V-ORAC,1.0,0.017390883077158106,0.017950691722277656,0.017382374220450147,0.2635231383473649
1025,A1,V-B3R,0.92,,,,
1025,A2,V-REFIT,0.56,0.016283900763089356,0.01628422538189873,0.016283890318051435,-0.2833333333333333
1025,A2,V-A0,0.64,,,,
1025,A2,V-ORAC,0.88,0.017390257971841086,0.017946616693121652,0.01739072427727547,0.10540925533894598
1025,A2,V-B3R,0.88,,,,
1026,A1,V-REFIT,0.52,0.016285162345578256,0.016285400630105355,0.016285110727776917,-0.33333333333333337
1026,A1,V-A0,0.6,,,,
1026,A1,V-ORAC,0.84,0.01738538573602833,0.017950515075214495,0.017390342970287832,0.10540925533894598
1026,A1,V-B3R,0.96,,,,
1026,A2,V-REFIT,0.72,0.016285194163010885,0.01628545042356636,0.016285339968289035,-0.7166666666666667
1026,A2,V-A0,0.76,,,,
1026,A2,V-ORAC,0.96,0.01739018301848356,0.01739026170381801,0.017391109261665767,-0.05270462766947299
1026,A2,V-B3R,0.8,,,,
1027,A1,V-REFIT,0.92,0.01628809053279673,0.01628843792898159,0.016287893567819334,-0.45
1027,A1,V-A0,0.88,,,,
1027,A1,V-ORAC,1.0,0.01739012812969427,0.017947359119698265,0.017389126796665134,0.05270462766947299
1027,A1,V-B3R,0.96,,,,
1027,A2,V-REFIT,0.56,0.01628824463829853,0.01628868724821372,0.01628838596393333,-0.7999999999999999
1027,A2,V-A0,0.52,,,,
1027,A2,V-ORAC,0.92,0.016831325805433797,0.016832212622375546,0.01627980910099121,-0.3162277660168379
1027,A2,V-B3R,0.88,,,,
1028,A1,V-REFIT,1.0,0.016289849453577067,0.01628988562286273,0.01628977944080784,-0.45
1028,A1,V-A0,0.96,,,,
1028,A1,V-ORAC,1.0,0.017921190713215115,0.01795031886696351,0.017389872683382435,0.3162277660168379
1028,A1,V-B3R,1.0,,,,
1028,A2,V-REFIT,0.84,0.01628955277156157,0.016289966310120436,0.01628988986936857,-0.6833333333333333
1028,A2,V-A0,0.88,,,,
1028,A2,V-ORAC,0.88,0.016822743673544072,0.017390364152429793,0.01739004686924018,-0.21081851067789195
1028,A2,V-B3R,0.84,,,,
1029,A1,V-REFIT,0.48,0.016283214825869384,0.016283304486695446,0.016282461691780388,0.13333333333333333
1029,A1,V-A0,0.44,,,,
1029,A1,V-ORAC,1.0,0.017390553526933323,0.017950100506497577,0.017389861784496766,0.2635231383473649
1029,A1,V-B3R,1.0,,,,
1029,A2,V-REFIT,0.48,0.01628397716768206,0.01628386542442145,0.016283286082844548,0.06666666666666667
1029,A2,V-A0,0.48,,,,
1029,A2,V-ORAC,0.96,0.016830139593796638,0.017389855035383782,0.01730884492386137,-0.05270462766947299
1029,A2,V-B3R,0.96,,,,
1030,A1,V-REFIT,0.8,0.016283010327589824,0.01628315212783643,0.01628285222385368,-0.38333333333333336
1030,A1,V-A0,0.68,,,,
1030,A1,V-ORAC,0.96,0.017949876626037226,0.017950112332003974,0.017946427521383816,0.2635231383473649
1030,A1,V-B3R,1.0,,,,
1030,A2,V-REFIT,0.6,0.016283798280934035,0.016284166081310947,0.016284007692850416,-0.7333333333333334
1030,A2,V-A0,0.56,,,,
1030,A2,V-ORAC,0.96,0.01739031066487873,0.017368033162872075,0.01739030214135414,-0.05270462766947299
1030,A2,V-B3R,0.88,,,,
1031,A1,V-REFIT,0.92,0.016288635287855062,0.016288583754496606,0.01628831008698409,-0.21666666666666667
1031,A1,V-A0,0.88,,,,
1031,A1,V-ORAC,0.92,0.01794668057298751,0.017950394578560437,0.017390507969437193,0.2635231383473649
1031,A1,V-B3R,0.84,,,,
1031,A2,V-REFIT,0.84,0.016287539268413538,0.016288214661689192,0.016288161059946297,-0.7999999999999999
1031,A2,V-A0,0.88,,,,
1031,A2,V-ORAC,0.92,0.01739021420495823,0.017922081573001136,0.01738985414710338,0.21081851067789195
1031,A2,V-B3R,0.92,,,,
1032,A1,V-REFIT,0.88,0.016284031399905096,0.016284593397491016,0.016284833175445206,-0.75
1032,A1,V-A0,0.84,,,,
1032,A1,V-ORAC,0.96,0.017390135544903283,0.0179498716871793,0.017390117213005346,0.10540925533894598
1032,A1,V-B3R,0.92,,,,
1032,A2,V-REFIT,0.8,0.01628420202319233,0.016284937816727525,0.016285021369892308,-0.7333333333333334
1032,A2,V-A0,0.76,,,,
1032,A2,V-ORAC,0.92,0.016830884337203048,0.017389300312353743,0.01683102501276394,-0.05270462766947299
1032,A2,V-B3R,0.88,,,,
1033,A1,V-REFIT,0.84,0.016285091628750623,0.016284426546621086,0.016283825398179467,0.5666666666666667
1033,A1,V-A0,0.84,,,,
1033,A1,V-ORAC,0.88,0.017386529203771255,0.017950259402265793,0.017390275823577384,0.21081851067789195
1033,A1,V-B3R,0.92,,,,
1033,A2,V-REFIT,0.88,0.016285051749575355,0.016284955864665603,0.016284492874445847,0.016666666666666666
1033,A2,V-A0,0.92,,,,
1033,A2,V-ORAC,0.88,0.01683078064915659,0.01738995913190197,0.01682935437519953,0.10540925533894598
1033,A2,V-B3R,0.96,,,,
1034,A1,V-REFIT,0.96,0.016286673534592074,0.016287363259094672,0.01628713095733883,-0.7666666666666667
1034,A1,V-A0,1.0,,,,
1034,A1,V-ORAC,0.92,0.01795009074461447,0.01795008910778453,0.017390433352419833,0.3689323936863109
1034,A1,V-B3R,0.92,,,,
1034,A2,V-REFIT,0.68,0.01628652029807223,0.01628736393951176,0.016287042495498512,-0.7666666666666667
1034,A2,V-A0,0.72,,,,
1034,A2,V-ORAC,1.0,0.017365757099589464,0.01739017998436322,0.017390177518102116,-0.05270462766947299
1034,A2,V-B3R,0.96,,,,
1035,A1,V-REFIT,0.6,0.016289214452076366,0.01628914706361779,0.016288685972794478,-0.26666666666666666
1035,A1,V-A0,0.72,,,,
1035,A1,V-ORAC,1.0,0.017390669295917125,0.017948644987291956,0.017389984402279453,0.05270462766947299
1035,A1,V-B3R,1.0,,,,
1035,A2,V-REFIT,0.76,0.016289054653014248,0.016289063181407777,0.016288846289732983,-0.6166666666666666
1035,A2,V-A0,0.76,,,,
1035,A2,V-ORAC,0.96,0.017389450697575737,0.0179498301044399,0.01739083629141175,-0.15811388300841894
1035,A2,V-B3R,0.88,,,,
1036,A1,V-REFIT,0.84,0.01628384328332739,0.01628402004046596,0.016283942121146623,-0.6833333333333333
1036,A1,V-A0,0.8,,,,
1036,A1,V-ORAC,0.96,0.017390409933627695,0.017949360950165263,0.01739023497208781,0.21081851067789195
1036,A1,V-B3R,0.96,,,,
1036,A2,V-REFIT,0.56,0.01628385935359858,0.01628407303743179,0.016283921891817422,-0.65
1036,A2,V-A0,0.56,,,,
1036,A2,V-ORAC,0.96,0.017390175752038065,0.017390359664254493,0.01738792661923757,0.21081851067789195
1036,A2,V-B3R,0.92,,,,
1037,A1,V-REFIT,0.72,0.016283953223986635,0.016283748382324974,0.016283687338007478,-0.16666666666666669
1037,A1,V-A0,0.64,,,,
1037,A1,V-ORAC,0.96,0.017390229639674914,0.017928977032634404,0.017389697024071234,0.21081851067789195
1037,A1,V-B3R,1.0,,,,
1037,A2,V-REFIT,0.6,0.01628366441771536,0.01628402763772465,0.016283501649378848,-0.33333333333333337
1037,A2,V-A0,0.56,,,,
1037,A2,V-ORAC,0.96,0.017389504499350734,0.017389765186573425,0.017361977137156568,0.05270462766947299
1037,A2,V-B3R,1.0,,,,
1038,A1,V-REFIT,1.0,0.016292238643368265,0.01629174128203668,0.016292177235329462,-0.48333333333333334
1038,A1,V-A0,1.0,,,,
1038,A1,V-ORAC,1.0,0.01738987498172751,0.017947304032385824,0.017389371333572767,0.10540925533894598
1038,A1,V-B3R,1.0,,,,
1038,A2,V-REFIT,0.8,0.016291975659880255,0.01629204975062603,0.016292189359965376,-0.7666666666666667
1038,A2,V-A0,0.76,,,,
1038,A2,V-ORAC,1.0,0.01683114487600479,0.01739043718969755,0.01682889639259475,0.05270462766947299
1038,A2,V-B3R,1.0,,,,
1039,A1,V-REFIT,0.72,0.016286642043994395,0.016286572740790338,0.016286671025672193,-0.7666666666666667
1039,A1,V-A0,0.76,,,,
1039,A1,V-ORAC,0.96,0.01739017239233869,0.017384382750724757,0.01738989741361225,0.21081851067789195
1039,A1,V-B3R,0.96,,,,
1039,A2,V-REFIT,0.56,0.016286583266638295,0.016286657261172868,0.016286593495906082,-0.7999999999999999
1039,A2,V-A0,0.56,,,,
1039,A2,V-ORAC,0.92,0.0173905281054301,0.017948201023618392,0.017390884560960877,-0.05270462766947299
1039,A2,V-B3R,0.84,,,,
1040,A1,V-REFIT,0.92,0.016282479299721306,0.01628200934508281,0.01628144519495729,0.4666666666666666
1040,A1,V-A0,0.92,,,,
1040,A1,V-ORAC,1.0,0.01739041284334201,0.017389191721253066,0.017385360262964104,0.10540925533894598
1040,A1,V-B3R,1.0,,,,
1040,A2,V-REFIT,0.76,0.016282441230290493,0.0162822403551372,0.016282138627161477,-0.09999999999999999
1040,A2,V-A0,0.76,,,,
1040,A2,V-ORAC,0.88,0.017390578117127492,0.017948924166238577,0.017390612079289894,0.10540925533894598
1040,A2,V-B3R,0.88,,,,
1041,A1,V-REFIT,0.68,0.016281661875301428,0.01628122893506114,0.016280597064996224,0.3
1041,A1,V-A0,0.68,,,,
1041,A1,V-ORAC,0.96,0.017922449039027115,0.017949599131781138,0.01738467016350581,0.21081851067789195
1041,A1,V-B3R,0.92,,,,
1041,A2,V-REFIT,0.6,0.016281762783656624,0.016281703982648225,0.016281050899675048,0.08333333333333334
1041,A2,V-A0,0.64,,,,
1041,A2,V-ORAC,0.8,0.017391074539022642,0.017950533111408,0.01794134041155063,-0.05270462766947299
1041,A2,V-B3R,0.84,,,,
1042,A1,V-REFIT,0.28,0.016285047146618548,0.01628493611396034,0.016284656668230615,-0.2833333333333333
1042,A1,V-A0,0.32,,,,
1042,A1,V-ORAC,0.92,0.01739033413323405,0.01794114074037207,0.017390178110970902,0.10540925533894598
1042,A1,V-B3R,0.96,,,,
1042,A2,V-REFIT,0.4,0.016284694051145628,0.016284840170804303,0.016285004103855426,-0.7166666666666667
1042,A2,V-A0,0.36,,,,
1042,A2,V-ORAC,0.96,0.01683088213078178,0.017390007380681246,0.016830473177386982,0.05270462766947299
1042,A2,V-B3R,0.92,,,,
1043,A1,V-REFIT,0.68,0.016288265856303843,0.0162884591316583,0.016287676727894943,-0.03333333333333333
1043,A1,V-A0,0.68,,,,
1043,A1,V-ORAC,0.92,0.017390603513125782,0.01794928368570356,0.0173897163857595,0.21081851067789195
1043,A1,V-B3R,1.0,,,,
1043,A2,V-REFIT,0.76,0.016287736343774135,0.016288558442257982,0.016288013958993302,-0.45
1043,A2,V-A0,0.76,,,,
1043,A2,V-ORAC,0.92,0.01738229326178803,0.01739033884945568,0.017356756832044393,0.15811388300841894
1043,A2,V-B3R,0.92,,,,
1044,A1,V-REFIT,0.52,0.016290336692770295,0.01628951505161108,0.016290443848707415,-0.33333333333333337
1044,A1,V-A0,0.52,,,,
1044,A1,V-ORAC,1.0,0.017390351314740413,0.017384132196903043,0.017388399355427752,0.10540925533894598
1044,A1,V-B3R,0.96,,,,
1044,A2,V-REFIT,0.48,0.016289944960588207,0.01628967778785307,0.01629019257084654,-0.6333333333333333
1044,A2,V-A0,0.52,,,,
1044,A2,V-ORAC,0.92,0.017372440925710973,0.01739057565408642,0.017390843754382934,-0.10540925533894598
1044,A2,V-B3R,0.88,,,,
1045,A1,V-REFIT,0.64,0.016283178069730564,0.016282643541236666,0.016282312504132878,-0.03333333333333333
1045,A1,V-A0,0.56,,,,
1045,A1,V-ORAC,0.8,0.017390239370333627,0.017948610832380855,0.017389973612831754,0.10540925533894598
1045,A1,V-B3R,0.88,,,,
1045,A2,V-REFIT,0.64,0.01628340443274895,0.016283200574899112,0.016282772175173866,-0.26666666666666666
1045,A2,V-A0,0.64,,,,
1045,A2,V-ORAC,0.96,0.01738738006060555,0.017389317009304614,0.017389688265728277,-0.05270462766947299
1045,A2,V-B3R,0.84,,,,
1046,A1,V-REFIT,0.44,0.016288920287222834,0.016289363802631244,0.016289554196044127,-0.9333333333333332
1046,A1,V-A0,0.4,,,,
1046,A1,V-ORAC,0.96,0.017390505915862997,0.017949222659053472,0.01739020275022864,0.21081851067789195
1046,A1,V-B3R,0.96,,,,
1046,A2,V-REFIT,0.56,0.016289287432318483,0.016289716880857716,0.01628995746058509,-0.8666666666666667
1046,A2,V-A0,0.48,,,,
1046,A2,V-ORAC,0.92,0.017389907409158287,0.017389866014171595,0.017390727099423364,-0.05270462766947299
1046,A2,V-B3R,0.96,,,,
1047,A1,V-REFIT,0.76,0.01628823112956969,0.01628864233109022,0.01628858077645056,-0.75
1047,A1,V-A0,0.72,,,,
1047,A1,V-ORAC,1.0,0.017390174327222174,0.01794907460767361,0.017389473110909447,0.15811388300841894
1047,A1,V-B3R,1.0,,,,
1047,A2,V-REFIT,0.8,0.016288055720267227,0.016288516430965943,0.01628806375545533,-0.4666666666666666
1047,A2,V-A0,0.8,,,,
1047,A2,V-ORAC,0.8,0.016828700398716485,0.017387182579145545,0.017390604984507157,-0.21081851067789195
1047,A2,V-B3R,0.72,,,,
1048,A1,V-REFIT,0.88,0.016289133334009522,0.016288391671557805,0.01628816096070318,0.08333333333333334
1048,A1,V-A0,0.84,,,,
1048,A1,V-ORAC,0.96,0.017950523166239837,0.017950450115756016,0.017389520922514085,0.4216370213557839
1048,A1,V-B3R,1.0,,,,
1048,A2,V-REFIT,0.8,0.016289129205115962,0.016289596554262244,0.016289353104366085,-0.7
1048,A2,V-A0,0.8,,,,
1048,A2,V-ORAC,0.88,0.017378843164874643,0.017383464003006742,0.017390377167929526,-0.05270462766947299
1048,A2,V-B3R,0.84,,,,
1049,A1,V-REFIT,0.96,0.016283089843653696,0.016283056202554554,0.016282895066369884,-0.2833333333333333
1049,A1,V-A0,1.0,,,,
1049,A1,V-ORAC,1.0,0.01794532397379332,0.017950403456929415,0.017390230484518196,0.21081851067789195
1049,A1,V-B3R,1.0,,,,
1049,A2,V-REFIT,0.8,0.016282903549376865,0.016283152978827483,0.01628314172529554,-0.7666666666666667
1049,A2,V-A0,0.8,,,,
1049,A2,V-ORAC,0.92,0.017389412362956675,0.017389929091844877,0.017390456609626747,-0.05270462766947299
1049,A2,V-B3R,0.88,,,,
